GEOID,ATOTAL,area,error
01001,1565309098,1574703996.9636567,0.006001944903827975
01003,5250602513,,
01005,2342683352,,
01007,1621769565,,
01009,1685119333,,
01011,1619114147,,
01013,2014703729,,
01015,1585782460,,
01017,1562057307,,
01019,1553931661,,
01021,1815069217,,
01023,2385014310,,
01025,3244151997,,
01027,1569537041,,
01029,1453018682,,
01031,1762473108,,
01033,1614902599,,
01035,2208639901,,
01037,1725838086,,
01039,2703360407,,
01041,1582341361,,
01043,1955495855,,
01045,1457327499,,
01047,2574044385,,
01049,2016798023,,
01051,1701726800,,
01053,2468620064,,
01055,1420939685,,
01057,1630024169,,
01059,1674485385,,
01061,1499475828,,
01063,1709198200,,
01065,1700330473,,
01067,1471913445,,
01069,1506537641,,
01071,2918308741,,
01073,2911401945,,
01075,1568145316,,
01077,1863755029,,
01079,1857546633,,
01081,1595041229,,
01083,1572607598,,
01085,1877923212,,
01087,1588201108,,
01089,2104922626,,
01091,2545106857,,
01093,1925840674,,
01095,1614027322,,
01097,4258085018,,
01099,2679079341,,
01101,2071762498,,
01103,1551534071,,
01105,1874838390,,
01107,2305415042,,
01109,1742984495,,
01111,1512901357,,
01113,1676219255,,
01115,1692193976,,
01117,2096650568,,
01119,2365533798,,
01121,1969220967,,
01123,1984588974,,
01125,3499724553,,
01127,2085440774,,
01129,2819373055,,
01131,2350132610,,
01133,1636531260,,
04001,29056188528,,
04003,16100842685,,
04005,48333877545,,
04007,12420266244,,
04009,12018082228,,
04011,4784874488,,
04012,11682063817,,
04013,23892970078,,
04015,34862806449,,
04017,25794643784,,
04019,23803709684,,
04021,13920341522,,
04023,3204921481,,
04025,21050229041,,
04027,14294026248,,
05001,2677392080,,
05003,2435960014,,
05005,1519675857,,
05007,2290277268,,
05009,1559172719,,
05011,1691047401,,
05013,1637901575,,
05015,1654221190,,
05017,1789138689,,
05019,2286517944,,
05021,1661312208,,
05023,1532968672,,
05025,1550739906,,
05027,1985878746,,
05029,1467716823,,
05031,1845936549,,
05033,1566237569,,
05035,1648316780,,
05037,1611766645,,
05039,1730386555,,
05041,2122547050,,
05043,2164403013,,
05045,1719966365,,
05047,1604860633,,
05049,1606626743,,
05051,1902418812,,
05053,1639281228,,
05055,1500995410,,
05057,1919640344,,
05059,1611629325,,
05061,1541855975,,
05063,1998408574,,
05065,1512648838,,
05067,1661252876,,
05069,2366686121,,
05071,1767579138,,
05073,1411747603,,
05075,1534199879,,
05077,1604502664,,
05079,1481898459,,
05081,1462736695,,
05083,1895825677,,
05085,2080599447,,
05087,2168038891,,
05089,1658395197,,
05091,1651512675,,
05093,2382307970,,
05095,1609161569,,
05097,2072898718,,
05099,1607447324,,
05101,2132062735,,
05103,1915949163,,
05105,1451756864,,
05107,1883808210,,
05109,1590589165,,
05111,1977669251,,
05113,2233235829,,
05115,2151647528,,
05117,1749780838,,
05119,2090569934,,
05121,1699141273,,
05123,1664046594,,
05125,1892017202,,
05127,2326087727,,
05129,1731212526,,
05131,1413045997,,
05133,1505965358,,
05135,1570602889,,
05137,1578596929,,
05139,2733056718,,
05141,1875938521,,
05143,2466607892,,
05145,2699121223,,
05147,1538473736,,
05149,2457353497,,
06001,2126521771,,
06003,1924849912,,
06005,1569404163,,
06007,4343749219,,
06009,2685626863,,
06011,2994941629,,
06013,2082515692,,
06015,3184860624,,
06017,4626641757,,
06019,15568749198,,
06021,3436853641,,
06023,10495291200,,
06025,11604811987,,
06027,26487596531,,
06029,21141221808,,
06031,3604046467,,
06033,3443200913,,
06035,12225041640,,
06037,12305346959,,
06039,5576863403,,
06041,2145005964,,
06043,3788697794,,
06045,10044372869,,
06047,5124684788,,
06049,10886380810,,
06051,8111534160,,
06053,9767417013,,
06055,2042281975,,
06057,2522119331,,
06059,2455299645,,
06061,3890772866,,
06063,6768788546,,
06065,18915095853,,
06067,2575409321,,
06069,3601310382,,
06071,52071990688,,
06073,11721778180,,
06075,600592325,,
06077,3695237486,,
06079,9364131013,,
06081,1919071195,,
06083,9813815098,,
06085,3377486318,,
06087,1572537808,,
06089,9964709533,,
06091,2491993693,,
06093,16441083059,,
06095,2347160620,,
06097,4578946401,,
06099,3921019182,,
06101,1575787119,,
06103,7671996532,,
06105,8307673032,,
06107,12532096612,,
06109,5890802075,,
06111,5719333332,,
06113,2651023187,,
06115,1667971840,,
08001,3065039804,,
08003,1873313484,,
08005,2086127837,,
08007,3510452356,,
08009,6623542760,,
08011,3991396665,,
08013,1917802871,,
08014,86890161,,
08015,2628715672,,
08017,4613880089,,
08019,1026508947,,
08021,3343658906,,
08023,3188281204,,
08025,2072850853,,
08027,1916396071,,
08029,2974877765,,
08031,401270174,,
08033,2766674651,,
08035,2183038703,,
08037,4381724890,,
08039,4794086127,,
08041,5515601646,,
08043,3972899920,,
08045,7655503872,,
08047,389498789,,
08049,4842162860,,
08051,8442405146,,
08053,2908939158,,
08055,4126548405,,
08057,4198280247,,
08059,2004827910,,
08061,4625636504,,
08063,5598753868,,
08065,994327432,,
08067,4401897726,,
08069,6822032928,,
08071,12368782549,,
08073,6698939018,,
08075,4778311532,,
08077,8653339796,,
08079,2273431236,,
08081,12304747230,,
08083,5283198220,,
08085,5808946818,,
08087,3351104584,,
08089,3288516861,,
08091,1404318906,,
08093,5725702348,,
08095,1782026784,,
08097,2520577484,,
08099,4258774660,,
08101,6210184130,,
08103,8347143125,,
08105,2362940387,,
08107,6133434551,,
08109,8211002215,,
08111,1005696601,,
08113,3337810177,,
08115,1422949762,,
08117,1603874174,,
08119,1447678848,,
08121,6537014199,,
08123,10403322349,,
08125,6134898226,,
09001,2167944945,,
09003,1944087675,,
09005,2446463144,,
09007,1137172894,,
09009,2232757965,,
09011,1999374489,,
09013,1080357159,,
09015,1349956403,,
10001,2067665629,,
10003,1279526115,,
10005,3098719501,,
11001,177027585,,
12001,2509202811,,
12003,1525425088,,
12005,2675853683,,
12007,778267316,,
12009,4032674075,,
12011,3426090185,,
12013,1487464990,,
12015,2222795239,,
12017,2002690246,,
12019,1666770701,,
12021,5969863439,,
12023,2075404338,,
12027,1655271097,,
12029,2236843354,,
12031,2378809179,,
12033,2265472116,,
12035,1478438716,,
12037,2687448054,,
12039,1368880542,,
12041,920067716,,
12043,2555836192,,
12045,1928051672,,
12047,1344349365,,
12049,1652769463,,
12051,3081656479,,
12053,1525553698,,
12055,2866394448,,
12057,3278277828,,
12059,1266626450,,
12061,1597782739,,
12063,2472308850,,
12065,1648623777,,
12067,1419074296,,
12069,2996475025,,
12071,3140030680,,
12073,1817634410,,
12075,3659118050,,
12077,2183681538,,
12079,1853635530,,
12081,2312163744,,
12083,4306275885,,
12085,1950582846,,
12086,6296709992,,
12087,9679384507,,
12089,1880125733,,
12091,2802569395,,
12093,2310050772,,
12095,2598283190,,
12097,3900618296,,
12099,6172370388,,
12101,2249275519,,
12103,1575045225,,
12105,5206943658,,
12107,2141715339,,
12109,2127764852,,
12111,1781500258,,
12113,3040071418,,
12115,1878478602,,
12117,894425097,,
12119,1501741126,,
12121,1792935419,,
12123,3191375307,,
12125,646853963,,
12127,3709996067,,
12129,1905518096,,
12131,3210535348,,
12133,1595314153,,
13001,1326751282,,
13003,892338469,,
13005,740276529,,
13007,904264037,,
13009,694830507,,
13011,605615645,,
13013,421991933,,
13015,1215939112,,
13017,657616498,,
13019,1185910686,,
13021,660203322,,
13023,567547548,,
13025,1158246852,,
13027,1289297033,,
13029,1177035510,,
13031,1783562996,,
13033,2162594718,,
13035,487024423,,
13037,734462972,,
13039,2024988501,,
13043,644539028,,
13045,1304777294,,
13047,420770003,,
13049,2026378884,,
13051,1631625654,,
13053,650502918,,
13055,812083200,,
13057,1125068291,,
13059,313473236,,
13061,562640858,,
13063,373919289,,
13065,2134132455,,
13067,892428743,,
13069,1560856102,,
13071,1441688523,,
13073,796687276,,
13075,603992854,,
13077,1154701614,,
13079,845510968,,
13081,727646047,,
13083,451073151,,
13085,555314912,,
13087,1613997477,,
13089,702301873,,
13091,1303067137,,
13093,1029050538,,
13095,866536312,,
13097,520778565,,
13099,1337329316,,
13101,1089659057,,
13103,1250714003,,
13105,969215470,,
13107,1787568555,,
13109,483990020,,
13111,1016070843,,
13113,516245260,,
13115,1342818574,,
13117,640038389,,
13119,690174129,,
13121,1383923468,,
13123,1116170262,,
13125,374131968,,
13127,1515784880,,
13129,928911858,,
13131,1192078095,,
13133,1052081703,,
13135,1131267097,,
13137,722782262,,
13139,1111880110,,
13141,1237537781,,
13143,733421122,,
13145,1224951687,,
13147,665492049,,
13149,779831096,,
13151,845586899,,
13153,983944314,,
13155,939551379,,
13157,888623044,,
13159,967268399,,
13161,868676859,,
13163,1371830953,,
13165,912901883,,
13167,794071861,,
13169,1024124404,,
13171,481308772,,
13173,517449643,,
13175,2119828514,,
13177,937041695,,
13179,1560538887,,
13181,666398060,,
13183,1045868583,,
13185,1322384138,,
13187,736096138,,
13189,689962735,,
13191,1486378351,,
13193,1051551855,,
13195,739687552,,
13197,951769576,,
13199,1308995037,,
13201,734683118,,
13205,1330797303,,
13207,1031516294,,
13209,633754548,,
13211,918463368,,
13213,897954790,,
13215,572415623,,
13217,723119323,,
13219,482707988,,
13221,1144873365,,
13223,814141238,,
13225,391913249,,
13227,602721691,,
13229,888961161,,
13231,568256450,,
13233,808440347,,
13235,650630563,,
13237,934173640,,
13239,415861371,,
13241,976497822,,
13243,1115956269,,
13245,851030332,,
13247,342131083,,
13249,434660849,,
13251,1698692424,,
13253,664476962,,
13255,516994714,,
13257,477071769,,
13259,1200751539,,
13261,1275857725,,
13263,1022429629,,
13265,505946780,,
13267,1264816921,,
13269,983414630,,
13271,1149977495,,
13273,874647113,,
13275,1430238291,,
13277,696160615,,
13279,960864985,,
13281,444932262,,
13283,524335008,,
13285,1155036013,,
13287,751045853,,
13289,939218328,,
13291,852280089,,
13293,848360281,,
13295,1157817956,,
13297,854695771,,
13299,2351675925,,
13301,742518086,,
13303,1772472975,,
13305,1680376733,,
13307,544579143,,
13309,777691415,,
13311,627441861,,
13313,753827685,,
13315,989673006,,
13317,1227898336,,
13319,1170544674,,
13321,1488609389,,
16001,2746864412,,
16003,3547008779,,
16005,2973412518,,
16007,2718487438,,
16009,2031046111,,
16011,5491374354,,
16013,6876366247,,
16015,4938930729,,
16017,4967940788,,
16019,4921727966,,
16021,3310142650,,
16023,5797733974,,
16025,2793801943,,
16027,1563569331,,
16029,4658457641,,
16031,6684056452,,
16033,4569000931,,
16035,6444005359,,
16037,12790905954,,
16039,8032747763,,
16041,1729364604,,
16043,4911073773,,
16045,1462288116,,
16047,1901405272,,
16049,22024153594,,
16051,2863785646,,
16053,1560538516,,
16055,3390281422,,
16057,2788852994,,
16059,11834020202,,
16061,1242482206,,
16063,3123106090,,
16065,1225897205,,
16067,1974538920,,
16069,2218392728,,
16071,3109264490,,
16073,19934687255,,
16075,1062721391,,
16077,3735097854,,
16079,6844861024,,
16081,1166008445,,
16083,4995276895,,
16085,9669723734,,
16087,3816098381,,
17001,2256580512,,
17003,654206981,,
17005,991535894,,
17007,730544438,,
17009,795972974,,
17011,2262408458,,
17013,734466583,,
17015,1209479227,,
17017,993768132,,
17019,2586008556,,
17021,1853797037,,
17023,1307326261,,
17025,1216087560,,
17027,1303136420,,
17029,1321068149,,
17031,4233683568,,
17033,1154776076,,
17035,898527986,,
17037,1643715903,,
17039,1049170655,,
17041,1080558878,,
17043,871243855,,
17045,1615965727,,
17047,576793671,,
17049,1243180400,,
17051,1878498483,,
17053,1259330723,,
17055,1117506272,,
17057,2286107315,,
17059,849805941,,
17061,1414888804,,
17063,1115072269,,
17065,1128903667,,
17067,2109362062,,
17069,470076391,,
17071,1023634727,,
17073,2138524108,,
17075,2898280874,,
17077,1559751837,,
17079,1290378165,,
17081,1512040791,,
17083,977749122,,
17085,1602175278,,
17087,903088079,,
17089,1357624637,,
17091,1764560325,,
17093,834549293,,
17095,1864265097,,
17097,3543954311,,
17099,2973768848,,
17101,969014647,,
17103,1886921991,,
17105,2708959695,,
17107,1603010593,,
17109,1528352148,,
17111,1582659433,,
17113,3072402142,,
17115,1517090772,,
17117,2247341621,,
17119,1917151442,,
17121,1492099725,,
17123,1032207574,,
17125,1459663364,,
17127,626355210,,
17129,816909768,,
17131,1473016270,,
17133,1031746091,,
17135,1838184804,,
17137,1482649355,,
17139,892238644,,
17141,1977282676,,
17143,1633124118,,
17145,1157786326,,
17147,1138246206,,
17149,2198442241,,
17151,969656219,,
17153,526715719,,
17155,445844354,,
17157,1546344340,,
17159,937358873,,
17161,1168843656,,
17163,1745398150,,
17165,1002149301,,
17167,2271450675,,
17169,1143113517,,
17171,654356586,,
17173,1989278784,,
17175,746840954,,
17177,1462742290,,
17179,1704159360,,
17181,1093271679,,
17183,2334166100,,
17185,589377556,,
17187,1406440947,,
17189,1460506222,,
17191,1853035334,,
17193,1299832896,,
17195,1803692671,,
17197,2199477977,,
17199,1150809387,,
17201,1344666780,,
17203,1405299210,,
18001,880509423,,
18003,1709453951,,
18005,1060683952,,
18007,1052852498,,
18009,428858164,,
18011,1096214075,,
18013,820069853,,
18015,971293728,,
18017,1074450431,,
18019,974870780,,
18021,933227997,,
18023,1049580330,,
18025,799576543,,
18027,1131498802,,
18029,796167173,,
18031,966901564,,
18033,942389381,,
18035,1025400009,,
18037,1127509293,,
18039,1212038056,,
18041,557267963,,
18043,385933859,,
18045,1030503349,,
18047,1012814173,,
18049,961572689,,
18051,1292828975,,
18053,1074586272,,
18055,1413903536,,
18057,1042306784,,
18059,795191300,,
18061,1260082649,,
18063,1058730186,,
18065,1022610030,,
18067,761253147,,
18069,1004190399,,
18071,1331010506,,
18073,1453992407,,
18075,994768675,,
18077,939877956,,
18079,979910600,,
18081,833434677,,
18083,1357269085,,
18085,1435871293,,
18087,1001554883,,
18089,1623021854,,
18091,1588334657,,
18093,1170490061,,
18095,1173016926,,
18097,1043791242,,
18099,1164828560,,
18101,881648957,,
18103,977431578,,
18105,1065317568,,
18107,1309098241,,
18109,1060414803,,
18111,1044889334,,
18113,1081145976,,
18115,226479033,,
18117,1057212231,,
18119,1004478001,,
18121,1165477472,,
18123,1000486297,,
18125,883430222,,
18127,1351466020,,
18129,1086047164,,
18131,1125437623,,
18133,1250171786,,
18135,1174077062,,
18137,1160474218,,
18139,1057907671,,
18141,1194983152,,
18143,499215045,,
18145,1069034171,,
18147,1039689586,,
18149,808608953,,
18151,835184085,,
18153,1176154577,,
18155,578703487,,
18157,1303394304,,
18159,674865637,,
18161,427807078,,
18163,612882755,,
18165,673170407,,
18167,1063061566,,
18169,1090322204,,
18171,948986688,,
18173,1012820290,,
18175,1337984441,,
18177,1047241245,,
18179,958937655,,
18181,1317473075,,
18183,875194496,,
19001,1477002187,,
19003,1102054113,,
19005,1706209714,,
19007,1337066885,,
19009,1148416826,,
19011,1860554179,,
19013,1483231917,,
19015,1485687730,,
19017,1138052051,,
19019,1484309759,,
19021,1502779998,,
19023,1506745813,,
19025,1481768426,,
19027,1476980444,,
19029,1463209623,,
19031,1507184544,,
19033,1489549625,,
19035,1494604307,,
19037,1309648060,,
19039,1118240912,,
19041,1483006111,,
19043,2052991612,,
19045,1839345594,,
19047,1851937132,,
19049,1532253128,,
19051,1307565996,,
19053,1381708033,,
19055,1499378794,,
19057,1113111182,,
19059,1046255194,,
19061,1596626769,,
19063,1042524895,,
19065,1894161662,,
19067,1298574005,,
19069,1508730142,,
19071,1338087157,,
19073,1479558898,,
19075,1299892206,,
19077,1536054351,,
19079,1495749697,,
19081,1484160618,,
19083,1476281803,,
19085,1817226043,,
19087,1130575013,,
19089,1226634320,,
19091,1128391330,,
19093,1119006314,,
19095,1521598541,,
19097,1682473967,,
19099,1898339259,,
19101,1131524625,,
19103,1613726684,,
19105,1494627259,,
19107,1502000887,,
19109,2523487387,,
19111,1395715309,,
19113,1876883604,,
19115,1081368332,,
19117,1125110477,,
19119,1522341535,,
19121,1455983047,,
19123,1485092661,,
19125,1477607672,,
19127,1484579142,,
19129,1141256829,,
19131,1216167453,,
19133,1810230131,,
19135,1124843564,,
19137,1100816216,,
19139,1163239528,,
19141,1484601625,,
19143,1034429074,,
19145,1386856659,,
19147,1474829276,,
19149,2236892066,,
19151,1498713721,,
19153,1532067206,,
19155,2484161917,,
19157,1517907106,,
19159,1395655491,,
19161,1497869637,,
19163,1212660058,,
19165,1531596667,,
19167,1991683303,,
19169,1485744915,,
19171,1870179934,,
19173,1384752244,,
19175,1102811660,,
19177,1270486222,,
19179,1129289485,,
19181,1484970209,,
19183,1478597568,,
19185,1365288070,,
19187,1860867547,,
19189,1040444001,,
19191,1787412366,,
19193,2273584698,,
19195,1041024050,,
19197,1507972867,,
20001,1308786168,,
20003,1511863668,,
20005,1123587660,,
20007,2942652294,,
20009,2332632285,,
20011,1655239486,,
20013,1481746222,,
20015,3746488209,,
20017,2014289863,,
20019,1669937912,,
20021,1530742492,,
20023,2644239942,,
20025,2530903694,,
20027,1698016618,,
20029,1859586538,,
20031,1694094705,,
20033,2045285269,,
20035,2932971100,,
20037,1541072883,,
20039,2315830999,,
20041,2206526681,,
20043,1031529865,,
20045,1229303140,,
20047,1610905658,,
20049,1684697857,,
20051,2331959384,,
20053,1873300824,,
20055,3373874221,,
20057,2846605599,,
20059,1494775650,,
20061,1047875576,,
20063,2775847312,,
20065,2327773210,,
20067,1489617205,,
20069,2251469508,,
20071,2016057905,,
20073,2985288660,,
20075,2583851650,,
20077,2079189624,,
20079,1400464467,,
20081,1496683019,,
20083,2228195493,,
20085,1704266862,,
20087,1441787660,,
20089,2368180730,,
20091,1242998659,,
20093,2255830261,,
20095,2244637047,,
20097,1872224546,,
20099,1691566917,,
20101,1858631440,,
20103,1214556941,,
20105,1865975068,,
20107,1570555933,,
20109,2779314353,,
20111,2215520049,,
20113,2332550760,,
20115,2470155551,,
20117,2344176784,,
20119,2536480655,,
20121,1528754344,,
20123,1862612911,,
20125,1687330099,,
20127,1820474526,,
20129,1890501429,,
20131,1863333386,,
20133,1496480644,,
20135,2784229724,,
20137,2282544177,,
20139,1864390335,,
20141,2316411202,,
20143,1868250805,,
20145,1954523688,,
20147,2316889029,,
20149,2231656459,,
20151,1905512887,,
20153,2770191235,,
20155,3294749474,,
20157,1865950373,,
20159,1885418801,,
20161,1611119131,,
20163,2318416455,,
20165,1859542275,,
20167,2329529638,,
20169,1868191377,,
20171,1858842918,,
20173,2613610666,,
20175,1658654751,,
20177,1439333631,,
20179,2321165646,,
20181,2735741497,,
20183,2323126048,,
20185,2058825173,,
20187,1762281942,,
20189,1884058853,,
20191,3069018593,,
20193,2783713368,,
20195,2330009303,,
20197,2071166099,,
20199,2366489220,,
20201,2327557938,,
20203,1861140184,,
20205,1489434512,,
20207,1308598895,,
20209,404541009,,
21001,1068094587,,
21003,911320879,,
21005,529085179,,
21007,708860779,,
21009,1294993201,,
21011,735567641,,
21013,935287507,,
21015,664354999,,
21017,755269129,,
21019,419635237,,
21021,473554584,,
21023,541173834,,
21025,1282737308,,
21027,1516755886,,
21029,777681570,,
21031,1117515032,,
21033,901699633,,
21035,1063698936,,
21037,412896721,,
21039,515355266,,
21041,355644245,,
21043,1067375686,,
21045,1154463929,,
21047,1875261536,,
21049,660851751,,
21051,1220225145,,
21053,532028454,,
21055,961249948,,
21057,805246885,,
21059,1234314729,,
21061,797726463,,
21063,609484150,,
21065,662026286,,
21067,739538123,,
21069,909909957,,
21071,1024871774,,
21073,549098646,,
21075,597443291,,
21077,271218367,,
21079,605910612,,
21081,675401154,,
21083,1442072897,,
21085,1323554801,,
21087,747965997,,
21089,918037252,,
21091,515113570,,
21093,1632032980,,
21095,1212507595,,
21097,802585387,,
21099,1082222673,,
21101,1206870430,,
21103,754002296,,
21105,655369992,,
21107,1435928830,,
21109,897458820,,
21111,1029996948,,
21113,452037416,,
21115,684108171,,
21117,425527722,,
21119,913880892,,
21121,1004266889,,
21123,682812541,,
21125,1149160068,,
21127,1087970346,,
21129,547157167,,
21131,1047395712,,
21133,878091916,,
21135,1283030532,,
21137,871252792,,
21139,886641363,,
21141,1442703216,,
21143,664414214,,
21145,694549398,,
21147,1116147097,,
21149,663647631,,
21151,1148036294,,
21153,800713813,,
21155,898355505,,
21157,881037655,,
21159,597266908,,
21161,638205936,,
21163,840458077,,
21165,533367896,,
21167,656064309,,
21169,754178405,,
21171,860022785,,
21173,514988817,,
21175,994004180,,
21177,1241640123,,
21179,1098352368,,
21181,509767929,,
21183,1544222029,,
21185,508759830,,
21187,917494418,,
21189,513568754,,
21191,730164658,,
21193,887354217,,
21195,2042378629,,
21197,466512123,,
21199,1753821157,,
21201,259279926,,
21203,823865105,,
21205,741422956,,
21207,732644468,,
21209,739215255,,
21211,998863721,,
21213,612442086,,
21215,496400039,,
21217,716963731,,
21219,976570734,,
21221,1246636726,,
21223,404599830,,
21225,941142161,,
21227,1418185088,,
21229,780101738,,
21231,1253974564,,
21233,869343824,,
21235,1152851927,,
21237,576924295,,
21239,497319485,,
22001,1702799284,,
22003,1983717868,,
22005,784225146,,
22007,944129692,,
22009,2242221106,,
22011,3019501101,,
22013,2129153363,,
22015,2246703822,,
22017,2425746161,,
22019,2834148210,,
22021,1400481132,,
22023,5015958201,,
22025,1915091573,,
22027,1987598599,,
22029,1935502266,,
22031,2316927876,,
22033,1217902780,,
22035,1145893180,,
22037,1180459037,,
22039,1760217872,,
22041,1645775569,,
22043,1721443738,,
22045,2669056555,,
22047,1690899583,,
22049,1502910818,,
22051,1662867560,,
22053,1705743566,,
22055,697238488,,
22057,3804547709,,
22059,1715589615,,
22061,1223703833,,
22063,1790868792,,
22065,1685796939,,
22067,2087749012,,
22069,3364374968,,
22071,906098450,,
22073,1636226205,,
22075,6649071812,,
22077,1529938157,,
22079,3526675735,,
22081,1042066720,,
22083,1462113822,,
22085,2619954442,,
22087,5581954017,,
22089,1028008070,,
22091,1060568859,,
22093,667750784,,
22095,1061525125,,
22097,2431951924,,
22099,2114707649,,
22101,2899290969,,
22103,2837535286,,
22105,2186161669,,
22107,1660675584,,
22109,5392412815,,
22111,2344885451,,
22113,3993941975,,
22115,3474429740,,
22117,1750527403,,
22119,1592427710,,
22121,527896143,,
22123,933864822,,
22125,1103341858,,
22127,2478160055,,
23001,1287537098,,
23003,17682888278,,
23005,3153211934,,
23007,4516511327,,
23009,6073341799,,
23011,2463530623,,
23013,2962800928,,
23015,1811988415,,
23017,5635177641,,
23019,9212682819,,
23021,11339063174,,
23023,958373074,,
23025,10601788655,,
23027,2208631144,,
23029,8437316472,,
23031,3288533398,,
24001,1108263467,,
24003,1522386727,,
24005,1765704129,,
24009,893739213,,
24011,844127318,,
24013,1172465383,,
24015,1082193738,,
24017,1665196675,,
24019,2545926813,,
24021,1728596337,,
24023,1703600857,,
24025,1364037718,,
24027,656288278,,
24029,1070818733,,
24031,1312879880,,
24033,1291979977,,
24035,1322693941,,
24037,1979402499,,
24039,1580798167,,
24041,1234925087,,
24043,1210413255,,
24045,1036531803,,
24047,1799687587,,
24510,238409684,,
25001,3381335984,,
25003,2451308776,,
25005,1790010450,,
25007,1271584408,,
25009,2145781364,,
25011,1876520415,,
25013,1642413774,,
25015,1412201291,,
25017,2193554396,,
25019,786463738,,
25021,1150866086,,
25023,2831621438,,
25025,311377752,,
25027,4090010975,,
26001,4637754236,,
26003,13073445129,,
26005,4748198754,,
26007,4389838385,,
26009,1558539447,,
26011,1762940966,,
26013,2768533794,,
26015,1494532679,,
26017,1633548274,,
26019,2226260115,,
26021,4095993513,,
26023,1346025607,,
26025,1860467014,,
26027,1316515007,,
26029,3601219905,,
26031,2293171441,,
26033,6989004627,,
26035,1490200693,,
26037,1488115603,,
26039,1458995665,,
26041,5157527259,,
26043,2011351091,,
26045,1500725317,,
26047,2284359982,,
26049,1682422685,,
26051,1336297500,,
26053,3824671156,,
26055,1557396292,,
26057,1480468098,,
26059,1572146287,,
26061,3888913138,,
26063,5534294192,,
26065,1452242411,,
26067,1502301224,,
26069,4895242582,,
26071,3136719886,,
26073,1496230720,,
26075,1873838284,,
26077,1502965389,,
26079,1477749310,,
26081,2258319786,,
26083,15452556654,,
26085,1487544314,,
26087,1716758584,,
26089,6558347202,,
26091,1972023729,,
26093,1516194337,,
26095,4953305112,,
26097,5440409272,,
26099,1478678371,,
26101,3317055242,,
26103,8870758747,,
26105,3217579836,,
26107,1479509345,,
26109,3465852006,,
26111,1367691720,,
26113,1486382427,,
26115,1761021588,,
26117,1866738147,,
26119,1457233732,,
26121,3781444416,,
26123,2231789389,,
26125,2349733012,,
26127,3382396002,,
26129,1489107925,,
26131,9687695603,,
26133,1484099462,,
26135,1480224548,,
26137,1362910976,,
26139,4225333395,,
26141,6663396759,,
26143,1502249397,,
26145,2113341350,,
26147,2166542335,,
26149,1349451945,,
26151,4117927986,,
26153,4879356191,,
26155,1401031530,,
26157,2367017902,,
26159,2822837548,,
26161,1871063031,,
26163,1742401569,,
26165,1490330769,,
27001,5167806928,,
27003,1155323226,,
27005,3743007005,,
27007,7913442231,,
27009,1069770347,,
27011,1367818080,,
27013,1982868323,,
27015,1601299887,,
27017,2266954837,,
27019,974117081,,
27021,6252190459,,
27023,1522499527,,
27025,1145768469,,
27027,2726357205,,
27029,2667153567,,
27031,8649862760,,
27033,1679772247,,
27035,2995450974,,
27037,1519827255,,
27039,1138525079,,
27041,1864804483,,
27043,1869723957,,
27045,2232802327,,
27047,1871061679,,
27049,2019037191,,
27051,1490490959,,
27053,1570998049,,
27055,1473280685,,
27057,2588670473,,
27059,1169734423,,
27061,7583199623,,
27063,1862809841,,
27065,1382233541,,
27067,2233492304,,
27069,2858306596,,
27071,8168821096,,
27073,2015037651,,
27075,7745667613,,
27077,4609063270,,
27079,1227185368,,
27081,1420432900,,
27083,1869109923,,
27085,1309310581,,
27087,1509719604,,
27089,4695404187,,
27091,1889597439,,
27093,1669961005,,
27095,1765347668,,
27097,2987256257,,
27099,1842949499,,
27101,1863505765,,
27103,1209377791,,
27105,1871397265,,
27107,2270720847,,
27109,1696086932,,
27111,5761537277,,
27113,1601260819,,
27115,3715483750,,
27117,1206836968,,
27119,5174255661,,
27121,1857306522,,
27123,440570146,,
27125,1120157139,,
27127,2283714162,,
27129,2556596578,,
27131,1336281404,,
27133,1250258984,,
27135,4346385348,,
27137,17766051872,,
27139,954068511,,
27141,1168196465,,
27143,1555411953,,
27145,3599997097,,
27147,1119752479,,
27149,1490067154,,
27151,1947930102,,
27153,2536895053,,
27155,1517346209,,
27157,1423313955,,
27159,1406960311,,
27161,1121398825,,
27163,1095076330,,
27165,1138896523,,
27167,1945562443,,
27169,1661690097,,
27171,1849901639,,
27173,1976750916,,
28001,1262737905,,
28003,1039518438,,
28005,1894828688,,
28007,1907955150,,
28009,1058410604,,
28011,2346056931,,
28013,1522808672,,
28015,1643567676,,
28017,1305989174,,
28019,1087420422,,
28021,1298111156,,
28023,1796246990,,
28025,1077459113,,
28027,1510357884,,
28029,2018803549,,
28031,1074665660,,
28033,1287180723,,
28035,1217915797,,
28037,1467909588,,
28039,1252655033,,
28041,1861414513,,
28043,1163950670,,
28045,1431656830,,
28047,2550332039,,
28049,2272147172,,
28051,1980345651,,
28053,1116889946,,
28055,1143290335,,
28057,1399758559,,
28059,2702401813,,
28061,1754633029,,
28063,1365608646,,
28065,1059662809,,
28067,1812235710,,
28069,1986585502,,
28071,1759193924,,
28073,1294981211,,
28075,1852238773,,
28077,1128442429,,
28079,1516073650,,
28081,1173718736,,
28083,1570513895,,
28085,1523560852,,
28087,1337637715,,
28089,1921876863,,
28091,1420919531,,
28093,1838184990,,
28095,1999718852,,
28097,1056426983,,
28099,1480472096,,
28101,1501162081,,
28103,1812939876,,
28105,1196400391,,
28107,1826282247,,
28109,2122090193,,
28111,1684013992,,
28113,1063691610,,
28115,1297639313,,
28117,1083130878,,
28119,1052651533,,
28121,2087752147,,
28123,1580903598,,
28125,1126956149,,
28127,1529309344,,
28129,1650525521,,
28131,1160512473,,
28133,1830934325,,
28135,1689039056,,
28137,1064423425,,
28139,1191276857,,
28141,1151299036,,
28143,1245141270,,
28145,1079786875,,
28147,1047405829,,
28149,1602046407,,
28151,1971565438,,
28153,2107001074,,
28155,1096158606,,
28157,1781306271,,
28159,1580115086,,
28161,1282055260,,
28163,2419459874,,
29001,1474830565,,
29003,1130187811,,
29005,1424821818,,
29007,1804761601,,
29009,2048152602,,
29011,1545503230,,
29013,2205064176,,
29015,1949043459,,
29017,1608894693,,
29019,1789802570,,
29021,1075304147,,
29023,1810380171,,
29025,1112752733,,
29027,2194707644,,
29029,1835428835,,
29031,1518573137,,
29033,1816595284,,
29035,1318357425,,
29037,1819186568,,
29039,1291508701,,
29041,1985895302,,
29043,1460255953,,
29045,1325620705,,
29047,1058450062,,
29049,1096814666,,
29051,1033210956,,
29053,1474171157,,
29055,1926312177,,
29057,1311193602,,
29059,1405966752,,
29061,1473820243,,
29063,1102873134,,
29065,1954159960,,
29067,2109794280,,
29069,1417207334,,
29071,2410464135,,
29073,1362224488,,
29075,1273539139,,
29077,1755701168,,
29079,1134519339,,
29081,1881380537,,
29083,1896712286,,
29085,1066363089,,
29087,1218208646,,
29089,1221085617,,
29091,2404475822,,
29093,1429840199,,
29095,1596319698,,
29097,1660887228,,
29099,1720488906,,
29101,2157956558,,
29103,1312683721,,
29105,1989094641,,
29107,1654855309,,
29109,1588640626,,
29111,1322954189,,
29113,1658791360,,
29115,1609356157,,
29117,1394845458,,
29119,1397767411,,
29121,2104030966,,
29123,1288776367,,
29125,1372505979,,
29127,1150737094,,
29129,1178729867,,
29131,1553972331,,
29133,1110490277,,
29135,1084871624,,
29137,1735719636,,
29139,1399865950,,
29141,1590281629,,
29143,1804111898,,
29145,1622821498,,
29147,2273688202,,
29149,2050092097,,
29151,1588768946,,
29153,1956042305,,
29155,1329786845,,
29157,1253968996,,
29159,1777454639,,
29161,1746486065,,
29163,1773405254,,
29165,1104232514,,
29167,1663844088,,
29169,1428327302,,
29171,1345787185,,
29173,1253124110,,
29175,1263472079,,
29177,1486487619,,
29179,2109320070,,
29181,1635941764,,
29183,1534965637,,
29185,1818331134,,
29186,1312540266,,
29187,1177598041,,
29189,1354390423,,
29195,1986304430,,
29197,798132415,,
29199,1137766225,,
29201,1102965355,,
29203,2600348463,,
29205,1300994827,,
29207,2147156216,,
29209,1322492183,,
29211,1687387650,,
29213,1687739649,,
29215,3054174869,,
29217,2167364728,,
29219,1133818594,,
29221,1974835176,,
29223,2004816722,,
29225,1537840827,,
29227,691058886,,
29229,1769313454,,
29510,170921128,,
30001,14433837398,,
30003,12991675679,,
30005,10977275712,,
30007,3206683152,,
30009,5338941475,,
30011,8671299561,,
30013,7022634696,,
30015,10351390268,,
30017,9824336129,,
30019,3694387068,,
30021,6173144338,,
30023,1920198794,,
30025,4203235725,,
30027,11266511344,,
30029,13612959487,,
30031,6821447016,,
30033,12559097615,,
30035,7862888517,,
30037,3044362370,,
30039,4487875332,,
30041,7553517830,,
30043,4297859332,,
30045,4844533417,,
30047,4283836823,,
30049,9058660817,,
30051,3748050651,,
30053,9518013956,,
30055,6946356640,,
30057,9333130835,,
30059,6202385904,,
30061,3168696951,,
30063,6780448887,,
30065,4847696427,,
30067,7286250027,,
30069,4336975180,,
30071,13499270351,,
30073,4251589047,,
30075,8543854846,,
30077,6040668997,,
30079,4512873134,,
30081,6216864187,,
30083,5447977099,,
30085,6136973914,,
30087,13015244394,,
30089,7225799315,,
30091,4415330496,,
30093,1861086451,,
30095,4677283519,,
30097,4823272373,,
30099,5936083129,,
30101,5037895040,,
30103,2549642031,,
30105,13110009204,,
30107,3697219328,,
30109,2305736346,,
30111,6860595533,,
31001,1461350518,,
31003,2223742264,,
31005,1860404448,,
31007,1933073757,,
31009,1850117875,,
31011,1779884623,,
31013,2791583370,,
31015,1410317796,,
31017,3173110662,,
31019,2526272450,,
31021,1287387618,,
31023,1530193997,,
31025,1465651779,,
31027,1931733813,,
31029,2324511622,,
31031,15564321127,,
31033,3098660315,,
31035,1485457784,,
31037,1078771816,,
31039,1488343174,,
31041,6671690214,,
31043,692615950,,
31045,3628745862,,
31047,2640319078,,
31049,1141440041,,
31051,1250231892,,
31053,1406361261,,
31055,878904480,,
31057,2385002482,,
31059,1493192772,,
31061,1491843759,,
31063,2538393374,,
31065,1866458149,,
31067,2227285941,,
31069,4482944615,,
31071,1479879898,,
31073,1198448063,,
31075,2028541600,,
31077,1477993076,,
31079,1430047152,,
31081,1410869347,,
31083,1486811063,,
31085,1847392304,,
31087,1860846104,,
31089,6261283261,,
31091,1868679136,,
31093,1490777852,,
31095,1490968562,,
31097,975734754,,
31099,1337338172,,
31101,2874204069,,
31103,2004450023,,
31105,2466717533,,
31107,2951866112,,
31109,2192120053,,
31111,6669522628,,
31113,1479207522,,
31115,1479079146,,
31117,2227414247,,
31119,1490410471,,
31121,1286651431,,
31123,3703322644,,
31125,1160912175,,
31127,1060870556,,
31129,1491363672,,
31131,1603250995,,
31133,1121330541,,
31135,2290668203,,
31137,1399695133,,
31139,1488189228,,
31141,1773078040,,
31143,1141257244,,
31145,1859627412,,
31147,1436338920,,
31149,2620273934,,
31151,1492633333,,
31153,641084493,,
31155,1967925216,,
31157,1930476989,,
31159,1491538203,,
31161,6396775696,,
31163,1480551376,,
31165,5354405919,,
31167,1116290194,,
31169,1489178584,,
31171,1848432135,,
31173,1025835921,,
31175,1477479709,,
31177,1018373698,,
31179,1148231599,,
31181,1489355203,,
31183,1490777320,,
31185,1491389113,,
32001,13012533671,,
32003,20877693006,,
32005,1910487892,,
32007,44553803875,,
32009,9295601974,,
32011,10826041122,,
32013,25013730297,,
32015,14295445424,,
32017,27550144958,,
32019,5242775794,,
32021,9875561860,,
32023,47134147021,,
32027,15714626779,,
32029,685561838,,
32031,16941517016,,
32033,23039783067,,
32510,407257099,,
33001,1217320882,,
33003,2573135731,,
33005,1887956284,,
33007,4740477293,,
33009,4531713853,,
33011,2311511862,,
33013,2473375937,,
33015,2059681674,,
33017,990904758,,
33019,1430023415,,
34001,1740045345,,
34003,638266090,,
34005,2124271141,,
34007,589014462,,
34009,1606587023,,
34011,1755611380,,
34013,335195628,,
34015,872236721,,
34017,161599535,,
34019,1132847860,,
34021,592732581,,
34023,836330427,,
34025,1723572721,,
34027,1247142035,,
34029,2369414643,,
34031,513824898,,
34033,964904846,,
34035,789825334,,
34037,1386787716,,
34039,273216950,,
34041,939258862,,
35001,3023494506,,
35003,17947755101,,
35005,15734387028,,
35006,11764059783,,
35007,9759409797,,
35009,3648288666,,
35011,6045908961,,
35013,9880754109,,
35015,10873181085,,
35017,10274773514,,
35019,7849960077,,
35021,5506125743,,
35023,8929342737,,
35025,11382210859,,
35027,12513084896,,
35028,283051501,,
35029,7680210633,,
35031,14130877831,,
35033,4995056129,,
35035,17163400163,,
35037,7462063145,,
35039,15271056476,,
35041,6353922563,,
35043,9619993828,,
35045,14344458421,,
35047,12280046517,,
35049,4950504233,,
35051,10976924626,,
35053,17218904661,,
35055,5707502511,,
35057,8666377891,,
35059,9922333157,,
35061,2765614293,,
36001,1381245341,,
36003,2679028948,,
36005,148597494,,
36007,1853172554,,
36009,3425241742,,
36011,2236898675,,
36013,3885455341,,
36015,1063912983,,
36017,2327440817,,
36019,2894382474,,
36021,1678842176,,
36023,1298928599,,
36025,3800670052,,
36027,2137634551,,
36029,3177539594,,
36031,4963103738,,
36033,4396340062,,
36035,1380151083,,
36037,1282842880,,
36039,1704341556,,
36041,4682193774,,
36043,3776228012,,
36045,4810534163,,
36047,250770283,,
36049,3340920069,,
36051,1658260125,,
36053,1712745359,,
36055,3539746512,,
36057,1062666158,,
36059,1174471806,,
36061,87232225,,
36063,2951729936,,
36065,3257279110,,
36067,2086540637,,
36069,1715935423,,
36071,2171992499,,
36073,2117108740,,
36075,3398227396,,
36077,2630801244,,
36079,637786923,,
36081,461099382,,
36083,1723385386,,
36085,264925343,,
36087,516061293,,
36089,7307175549,,
36091,2185452208,,
36093,542456656,,
36095,1622180520,,
36097,886651778,,
36099,1011232549,,
36101,3636560432,,
36103,6146393887,,
36105,2581498260,,
36107,1354252531,,
36109,1273102630,,
36111,3006354736,,
36113,2412837344,,
36115,2190840561,,
36117,3582098100,,
36119,1294976188,,
36121,1544377612,,
36123,973290465,,
37001,1124676611,,
37003,682804156,,
37005,610816044,,
37007,1391081349,,
37009,1108994908,,
37011,641047419,,
37013,2493764647,,
37015,1919946722,,
37017,2298898589,,
37019,2718303478,,
37021,1709261788,,
37023,1331866773,,
37025,942655607,,
37027,1229230897,,
37029,803561586,,
37031,3445750579,,
37033,1110336581,,
37035,1077495968,,
37037,1836275214,,
37039,1208659104,,
37041,605146092,,
37043,571822260,,
37045,1212489036,,
37047,2473434053,,
37049,2002792202,,
37051,1705409009,,
37053,1363439806,,
37055,3993071819,,
37057,1470164007,,
37059,690366903,,
37061,2124353665,,
37063,771461339,,
37065,1312780070,,
37067,1067934253,,
37069,1280935721,,
37071,941938724,,
37073,895473724,,
37075,781246800,,
37077,1392353808,,
37079,692068469,,
37081,1703269057,,
37083,1891392596,,
37085,1557478226,,
37087,1436152307,,
37089,971465697,,
37091,933426743,,
37093,1014357762,,
37095,3778896335,,
37097,1547340716,,
37099,1281715413,,
37101,2060845123,,
37103,1226868787,,
37105,671332697,,
37107,1039530323,,
37109,789590036,,
37111,1153454404,,
37113,1345948776,,
37115,1169338478,,
37117,1182881770,,
37119,1414339621,,
37121,574668375,,
37123,1298962378,,
37125,1827698209,,
37127,1405917642,,
37129,851741395,,
37131,1425923936,,
37133,2344440389,,
37135,1038479947,,
37137,1454607322,,
37139,749361618,,
37141,2419478757,,
37143,851929173,,
37145,1047360263,,
37147,1697867942,,
37149,617570349,,
37151,2045997011,,
37153,1242424643,,
37155,2458512082,,
37157,1483441446,,
37159,1356958917,,
37161,1469169036,,
37163,2454281260,,
37165,830412065,,
37167,1048613214,,
37169,1180524358,,
37171,1392723454,,
37173,1399226630,,
37175,985034109,,
37177,1546678369,,
37179,1656670429,,
37181,695892152,,
37183,2220251126,,
37185,1150733026,,
37187,1092738402,,
37189,811492690,,
37191,1444493461,,
37193,1961112190,,
37195,966345474,,
37197,874728693,,
37199,811134588,,
38001,2560628237,,
38003,3919698955,,
38005,3728019241,,
38007,2986557737,,
38009,4396011215,,
38011,3022654323,,
38013,2923893668,,
38015,4321350469,,
38017,4578608659,,
38019,3910722035,,
38021,2958174038,,
38023,3352345662,,
38025,5392498175,,
38027,1668323722,,
38029,4028237400,,
38031,1675362708,,
38033,2596429322,,
38035,3728073979,,
38037,4314957286,,
38039,1855932938,,
38041,2936494681,,
38043,3710971362,,
38045,2980964254,,
38047,2618529195,,
38049,4950811453,,
38051,2575902376,,
38053,7408832101,,
38055,6029389933,,
38057,2881613537,,
38059,5037957638,,
38061,5028500093,,
38063,2612962981,,
38065,1893493204,,
38067,2904372662,,
38069,2803572984,,
38071,3369590542,,
38073,2237375211,,
38075,2312762043,,
38077,3743414243,,
38079,2432882379,,
38081,2245193546,,
38083,2604252163,,
38085,2922030407,,
38087,3158500837,,
38089,3471432869,,
38091,1852877187,,
38093,5951975104,,
38095,2697296960,,
38097,2233697613,,
38099,3351527787,,
38101,5324716272,,
38103,3341831746,,
38105,5562796022,,
39001,1518374870,,
39003,1053739412,,
39005,1105431156,,
39007,3542858228,,
39009,1316848230,,
39011,1040929852,,
39013,1401895022,,
39015,1278033615,,
39017,1217362261,,
39019,1033223957,,
39021,1113263307,,
39023,1042518796,,
39025,1190789369,,
39027,1067838906,,
39029,1384935513,,
39031,1469773936,,
39033,1042979165,,
39035,3225904389,,
39037,1553317668,,
39039,1072723888,,
39041,1184476402,,
39043,1621011957,,
39045,1317169494,,
39047,1054163937,,
39049,1407979818,,
39051,1054689419,,
39053,1220393171,,
39055,1057475175,,
39057,1078098336,,
39059,1368297262,,
39061,1068743843,,
39063,1382146307,,
39065,1218726573,,
39067,1063879803,,
39069,1087149118,,
39071,1444674973,,
39073,1097191277,,
39075,1098101094,,
39077,1281581261,,
39079,1091766773,,
39081,1064372079,,
39083,1371772890,,
39085,2536108843,,
39087,1184334727,,
39089,1780258041,,
39091,1209127749,,
39093,2391690576,,
39095,1543212443,,
39097,1208565168,,
39099,1101229648,,
39101,1046766625,,
39103,1095767351,,
39105,1121477685,,
39107,1226164193,,
39109,1060807552,,
39111,1184813152,,
39113,1202837675,,
39115,1092406850,,
39117,1054700397,,
39119,1741989784,,
39121,1047830948,,
39123,1515342523,,
39125,1084806632,,
39127,1068334490,,
39129,1311965431,,
39131,1149892076,,
39133,1305497773,,
39135,1104803839,,
39137,1254328462,,
39139,1295191744,,
39141,1794925467,,
39143,1081865200,,
39145,1595815374,,
39147,1431728550,,
39149,1063729981,,
39151,1503703220,,
39153,1088137151,,
39155,1648704525,,
39157,1480050358,,
39159,1131416638,,
39161,1062980771,,
39163,1074789910,,
39165,1054905716,,
39167,1657590179,,
39169,1441979828,,
39171,1095803670,,
39173,1607160765,,
39175,1055595775,,
40001,1495152097,,
40003,2282939341,,
40005,2563681741,,
40007,4707754688,,
40009,2340853112,,
40011,2431627600,,
40013,2444059066,,
40015,3341465513,,
40017,2345262673,,
40019,2159483721,,
40021,2009895008,,
40023,2070757585,,
40025,4768055812,,
40027,1444974440,,
40029,1350510520,,
40031,2807192895,,
40033,1662509391,,
40035,1975306420,,
40037,2511032125,,
40039,2595252585,,
40041,2051794766,,
40043,2611710994,,
40045,3190462637,,
40047,2745597238,,
40049,2107562735,,
40051,2861761024,,
40053,2598947081,,
40055,1666888770,,
40057,1395292379,,
40059,2695178755,,
40061,1619955511,,
40063,2110037228,,
40065,2082974927,,
40067,2005103576,,
40069,1705137517,,
40071,2447324066,,
40073,2346618136,,
40075,2669336624,,
40077,1888486765,,
40079,4166034437,,
40081,2501352906,,
40083,1939471817,,
40085,1378531400,,
40087,1502866489,,
40089,4927701323,,
40091,1844226857,,
40093,2481089545,,
40095,1105873981,,
40097,1770282652,,
40099,1101116477,,
40101,2175625815,,
40103,1923226893,,
40105,1504364299,,
40107,1628448691,,
40109,1860754904,,
40111,1819331583,,
40113,5967408813,,
40115,1255124618,,
40117,1540877387,,
40119,1805877762,,
40121,3568708437,,
40123,1878430966,,
40125,2055221084,,
40127,3684421363,,
40129,2969191679,,
40131,1842753845,,
40133,1658953258,,
40135,1849403011,,
40137,2308664100,,
40139,5306092516,,
40141,2277121992,,
40143,1519842996,,
40145,1530105743,,
40147,1099072723,,
40149,2612568597,,
40151,3341053076,,
40153,3228494170,,
41001,7997829424,,
41003,1756452797,,
41005,4876907642,,
41007,2806501470,,
41009,1784438568,,
41011,4678441540,,
41013,7736395315,,
41015,5152104336,,
41017,7910300908,,
41019,13294300083,,
41021,3167128659,,
41023,11728819710,,
41025,26489641153,,
41027,1381243844,,
41029,7255364315,,
41031,4642189191,,
41033,4249712529,,
41035,15895326399,,
41037,21647390570,,
41039,12236362934,,
41041,3093878589,,
41043,5973991226,,
41045,25718048507,,
41047,3084184689,,
41049,5303418818,,
41051,1204781019,,
41053,1927136440,,
41055,2152769108,,
41057,3450921790,,
41059,8369595691,,
41061,5280588279,,
41063,8162027081,,
41065,6202836680,,
41067,1881973786,,
41069,4445716056,,
41071,1860660944,,
42001,1351172299,,
42003,1928300920,,
42005,1719343841,,
42007,1150064097,,
42009,2633772471,,
42011,2242292352,,
42013,1365100726,,
42015,3007026398,,
42017,1610597648,,
42019,2060938716,,
42021,1796500434,,
42023,1031893585,,
42025,1003327473,,
42027,2882717026,,
42029,1966408471,,
42031,1579488386,,
42033,2988647151,,
42035,2323047033,,
42037,1269506970,,
42039,2687148995,,
42041,1425296824,,
42043,1445667784,,
42045,493660582,,
42047,2155674652,,
42049,4035800279,,
42051,2067612038,,
42053,1114980539,,
42055,2001793144,,
42057,1134558277,,
42059,1496954859,,
42061,2303189354,,
42063,2160782562,,
42065,1701106032,,
42067,1019198958,,
42069,1204113801,,
42071,2548030034,,
42073,937015373,,
42075,938871090,,
42077,901881985,,
42079,2347214202,,
42081,3221517958,,
42083,2549116761,,
42085,1767818191,,
42087,1074109662,,
42089,1598252365,,
42091,1261872033,,
42093,342734205,,
42095,976804005,,
42097,1236791526,,
42099,1438835578,,
42101,369587900,,
42103,1468133485,,
42105,2801172472,,
42107,2027480771,,
42109,858702494,,
42111,2799599997,,
42113,1171955457,,
42115,2155235930,,
42117,2944726371,,
42119,822962797,,
42121,1768538179,,
42123,2327266513,,
42125,2229738336,,
42127,1944081712,,
42129,2683450651,,
42131,1049050413,,
42133,2358799238,,
44001,115859934,,
44003,487274890,,
44005,812295521,,
44007,1128422671,,
44009,1457597334,,
45001,1326024582,,
45003,2797624758,,
45005,1068154986,,
45007,1957377406,,
45009,1024501394,,
45011,1443303067,,
45013,2391802788,,
45015,3195775384,,
45017,1016530106,,
45019,3517136606,,
45021,1030447027,,
45023,1518155094,,
45025,2086629250,,
45027,1801754204,,
45029,2935196701,,
45031,1466585416,,
45033,1053659082,,
45035,1479358831,,
45037,1313245087,,
45039,1838584393,,
45041,2083066454,,
45043,2681045975,,
45045,2058628182,,
45047,1198959237,,
45049,1457400270,,
45051,3248883667,,
45053,1817086289,,
45055,1917265247,,
45057,1437569098,,
45059,1874733262,,
45061,1065087451,,
45063,1962273741,,
45065,1020119930,,
45067,1279885387,,
45069,1257356260,,
45071,1676463473,,
45073,1744896151,,
45075,2921206959,,
45077,1327670537,,
45079,1999307287,,
45081,1196334755,,
45083,2121235142,,
45085,1766591672,,
45087,1336501570,,
45089,2426939040,,
45091,1802180485,,
46003,1846104244,,
46005,3275846222,,
46007,3083252242,,
46009,1506385759,,
46011,2084775537,,
46013,4483142776,,
46015,2192365243,,
46017,1263296164,,
46019,5870249100,,
46021,1996457866,,
46023,2979097951,,
46025,2505809237,,
46027,1081110366,,
46029,1857445906,,
46031,6551765555,,
46033,4037954739,,
46035,1131689520,,
46037,2825916930,,
46039,1648821130,,
46041,6333236851,,
46043,1123191706,,
46045,2981246099,,
46047,4530313245,,
46049,2605248515,,
46051,1780702923,,
46053,2728608228,,
46055,4731732503,,
46057,1393598585,,
46059,3730146788,,
46061,1127566028,,
46063,6936287486,,
46065,2073869463,,
46067,2109338902,,
46069,2243561364,,
46071,4846539619,,
46073,1379405236,,
46075,2514585900,,
46077,2237138684,,
46079,1489662943,,
46081,2072794866,,
46083,1496361683,,
46085,4420798938,,
46087,1494080594,,
46089,2982462452,,
46091,2295310625,,
46093,9020419344,,
46095,3395176862,,
46097,1481272031,,
46099,2107890236,,
46101,1348876258,,
46102,5429528316,,
46103,7211715170,,
46105,7484997091,,
46107,2327508523,,
46109,2941650372,,
46111,1477461400,,
46115,3910209029,,
46117,3929444390,,
46119,2771786682,,
46121,3602300211,,
46123,4189520198,,
46125,1599824828,,
46127,1209857366,,
46129,1928589510,,
46135,1378550200,,
46137,5103801274,,
47001,893017599,,
47003,1229700534,,
47005,1129831875,,
47007,1053474156,,
47009,1467495481,,
47011,858448286,,
47013,1290110448,,
47015,688148574,,
47017,1554234693,,
47019,900525097,,
47021,795357301,,
47023,740629043,,
47025,1143671812,,
47027,671697467,,
47029,1147517248,,
47031,1125489863,,
47033,688260636,,
47035,1773673571,,
47037,1360623005,,
47039,893242776,,
47041,852070323,,
47043,1272513294,,
47045,1363715232,,
47047,1829134277,,
47049,1292226647,,
47051,1491188303,,
47053,1563447892,,
47055,1582947402,,
47057,783316105,,
47059,1616509492,,
47061,935301238,,
47063,455328438,,
47065,1491295728,,
47067,578804827,,
47069,1736278561,,
47071,1544390429,,
47073,1294009924,,
47075,1383214054,,
47077,1362036089,,
47079,1536902597,,
47081,1586698419,,
47083,536061598,,
47085,1441852839,,
47087,827565451,,
47089,814075478,,
47091,783963921,,
47093,1362130684,,
47095,502180930,,
47097,1314620327,,
47099,1600577515,,
47101,731639677,,
47103,1478150251,,
47105,640681355,,
47107,1119337838,,
47109,1459748395,,
47111,795745043,,
47113,1446831544,,
47115,1326957505,,
47117,974244242,,
47119,1594340336,,
47121,561374638,,
47123,1690192185,,
47125,1408510560,,
47127,337778283,,
47129,1353262693,,
47131,1438597293,,
47133,1126214256,,
47135,1095220693,,
47137,451935983,,
47139,1145529615,,
47141,1042638288,,
47143,871286374,,
47145,1022985472,,
47147,1234106036,,
47149,1616299316,,
47151,1381070905,,
47153,689049166,,
47155,1548027774,,
47157,2033221709,,
47159,842710845,,
47161,1276897221,,
47163,1112934216,,
47165,1406924857,,
47167,1225876395,,
47169,302104293,,
47171,482728666,,
47173,640083093,,
47175,711035873,,
47177,1124144027,,
47179,854241308,,
47181,1905357351,,
47183,1506814962,,
47185,982705480,,
47187,1512624950,,
47189,1511183056,,
48001,2792009901,,
48003,3887807299,,
48005,2239579677,,
48007,1367394976,,
48009,2397275885,,
48011,2366801257,,
48013,3163592342,,
48015,1700012097,,
48017,2143622462,,
48019,2065955224,,
48021,2319449393,,
48023,2333755617,,
48025,2280055899,,
48027,2817483538,,
48029,3253215390,,
48031,1847766789,,
48033,2346663679,,
48035,2596574255,,
48037,2390464606,,
48039,4166290489,,
48041,1531301217,,
48043,16037933766,,
48045,2335059730,,
48047,2444018641,,
48049,2478495771,,
48051,1752935319,,
48053,2645057143,,
48055,1417123849,,
48057,2674591779,,
48059,2334262022,,
48061,3305937469,,
48063,526371737,,
48065,2393423831,,
48067,2487224273,,
48069,2329157809,,
48071,2256363471,,
48073,2751014731,,
48075,1848515282,,
48077,2892378722,,
48079,2007682896,,
48081,2403485027,,
48083,3318896569,,
48085,2295114353,,
48087,2381029122,,
48089,2521833882,,
48091,1488938005,,
48093,2454488406,,
48095,2573654030,,
48097,2327109203,,
48099,2736980592,,
48101,2335172736,,
48103,2035015675,,
48105,7270988390,,
48107,2335376986,,
48109,9873995688,,
48111,3898275660,,
48113,2353309565,,
48115,2336502291,,
48117,3880677123,,
48119,719840293,,
48121,2468012922,,
48123,2358157846,,
48125,2344512524,,
48127,3456371902,,
48129,2416577957,,
48131,4650562942,,
48133,2413647091,,
48135,2335697414,,
48137,5490459533,,
48139,2465015687,,
48141,2629590652,,
48143,2822586433,,
48145,2004238805,,
48147,2328098083,,
48149,2485891572,,
48151,2335530582,,
48153,2570621020,,
48155,1832893372,,
48157,2293018552,,
48159,763445046,,
48161,2310248831,,
48163,2937947128,,
48165,3892368204,,
48167,2263125280,,
48169,2321146363,,
48171,2749731909,,
48173,2333798276,,
48175,2225748625,,
48177,2770908949,,
48179,2406962469,,
48181,2536108409,,
48183,714258613,,
48185,2076138124,,
48187,1851293129,,
48189,2602356105,,
48191,2341600018,,
48193,2166247362,,
48195,2383844987,,
48197,1804886252,,
48199,2324650214,,
48201,4603667262,,
48203,2371790361,,
48205,3789458691,,
48207,2357569017,,
48209,1761016651,,
48211,2362475606,,
48213,2456272581,,
48215,4099498414,,
48217,2552971432,,
48219,2353170034,,
48221,1131405993,,
48223,2053268992,,
48225,3202714247,,
48227,2341880926,,
48229,11839795251,,
48231,2284428573,,
48233,2317915654,,
48235,2723662312,,
48237,2383110290,,
48239,2219286268,,
48241,2511505270,,
48243,5865378445,,
48245,2881753904,,
48247,2942767293,,
48249,2249518745,,
48251,1902225958,,
48253,2427174129,,
48255,1951679994,,
48257,2091703089,,
48259,1717244424,,
48261,5039585154,,
48263,2338547232,,
48265,2867849345,,
48267,3240529563,,
48269,2365546858,,
48271,3535650574,,
48273,2823614104,,
48275,2215686285,,
48277,2416725279,,
48279,2635871353,,
48281,1849084132,,
48283,3870049476,,
48285,2513417466,,
48287,1642311551,,
48289,2798790408,,
48291,3046722008,,
48293,2416883396,,
48295,2414721386,,
48297,2794280724,,
48299,2501556560,,
48301,1752211221,,
48303,2332808584,,
48305,2314094567,,
48307,2780179726,,
48309,2746016603,,
48311,2996051692,,
48313,1223596707,,
48315,1088629818,,
48317,2371656419,,
48319,2414429403,,
48321,4176388002,,
48323,3345691161,,
48325,3456426023,,
48327,2336851541,,
48329,2336168315,,
48331,2646557002,,
48333,1941890038,,
48335,2372200704,,
48337,2430121968,,
48339,2789063877,,
48341,2355906980,,
48343,670031478,,
48345,2563608042,,
48347,2541303478,,
48349,2812561502,,
48351,2433884688,,
48353,2367113901,,
48355,3018485707,,
48357,2378123837,,
48359,3888676831,,
48361,982977497,,
48363,2552454837,,
48365,2127211531,,
48367,2357134127,,
48369,2292667911,,
48371,12340807211,,
48373,2874004857,,
48375,2387908814,,
48377,9986830636,,
48379,670360572,,
48381,2389112444,,
48383,3045841836,,
48385,1813159127,,
48387,2736932388,,
48389,6842930992,,
48391,2119234315,,
48393,2393645288,,
48395,2241077348,,
48397,385281910,,
48399,2737864113,,
48401,2430461707,,
48403,1493459476,,
48405,1534039871,,
48407,1626281501,,
48409,1833568333,,
48411,2948516257,,
48413,3394633468,,
48415,2350527434,,
48417,2371257463,,
48419,2161647846,,
48421,2390621037,,
48423,2459767934,,
48425,497159866,,
48427,3183365612,,
48429,2386644933,,
48431,2391890221,,
48433,2383416087,,
48435,3766951842,,
48437,2332780693,,
48439,2336938127,,
48441,2380988577,,
48443,6107341273,,
48445,2307527149,,
48447,2371085630,,
48449,1102411447,,
48451,3990042722,,
48453,2649665834,,
48455,1849181514,,
48457,2423252207,,
48459,1534788968,,
48461,3215474907,,
48463,4036841651,,
48465,8372575001,,
48467,2226400127,,
48469,2302070855,,
48471,2075872084,,
48473,1341158047,,
48475,2164825266,,
48477,1610326800,,
48479,8742741812,,
48481,2834405069,,
48483,2371085125,,
48485,1639104135,,
48487,2532940763,,
48489,2032536912,,
48491,2938109632,,
48493,2093774218,,
48495,2178896003,,
48497,2389408020,,
48499,1801903329,,
48501,2071286805,,
48503,2410911629,,
48505,2740247201,,
48507,3371477585,,
49001,6694980294,,
49003,17428668317,,
49005,3037736611,,
49007,3846912160,,
49009,1866415948,,
49011,1645194381,,
49013,8418300537,,
49015,11582086684,,
49017,13489183374,,
49019,9543913965,,
49021,8548865349,,
49023,8820949612,,
49025,10640081788,,
49027,17707675395,,
49029,1582176773,,
49031,1984631521,,
49033,2813807492,,
49035,2086846597,,
49037,20546992863,,
49039,4149950835,,
49041,4968260756,,
49043,4871394444,,
49045,18870630597,,
49047,11665435240,,
49049,5553511725,,
49051,3127582508,,
49053,6294818696,,
49055,6389061137,,
49057,1708980406,,
50001,2092083654,,
50003,1755160735,,
50005,1703338104,,
50007,1603977718,,
50009,1747390215,,
50011,1792564072,,
50013,504198950,,
50015,1201131336,,
50017,1791405886,,
50019,1867818480,,
50021,2446971185,,
50023,1800606107,,
50025,2067378588,,
50027,2530556849,,
51001,3392985897,,
51003,1880237943,,
51005,1164779333,,
51007,928567563,,
51009,1240453322,,
51011,868841508,,
51013,67606553,,
51015,2514245981,,
51017,1384666049,,
51019,2010723645,,
51021,928858453,,
51023,1414025195,,
51025,1474921733,,
51027,1305191355,,
51029,1511127293,,
51031,1312195383,,
51033,1391431333,,
51035,1237168586,,
51036,528986243,,
51037,1236819497,,
51041,1131788863,,
51043,461354758,,
51045,852563633,,
51047,991094304,,
51049,776443726,,
51051,863942135,,
51053,1314046150,,
51057,740650613,,
51059,1052811249,,
51061,1687961527,,
51063,988776378,,
51065,754377437,,
51067,1843076220,,
51069,1076037120,,
51071,936439607,,
51073,745872220,,
51075,748793180,,
51077,1154011737,,
51079,405545336,,
51081,768720661,,
51083,2148437711,,
51085,1224470982,,
51087,634113132,,
51089,995554404,,
51091,1077058660,,
51093,939720661,,
51095,463970579,,
51097,845162064,,
51099,486321196,,
51101,740612929,,
51103,599353063,,
51105,1132519263,,
51107,1350249620,,
51109,1322770886,,
51111,1119841337,,
51113,833655311,,
51115,652579716,,
51117,1759200166,,
51119,545864739,,
51121,1008211360,,
51125,1228208510,,
51127,579587758,,
51131,2059700191,,
51133,739714859,,
51135,818563413,,
51137,889976751,,
51139,811319623,,
51141,1257987271,,
51143,2533609512,,
51145,679365451,,
51147,916436086,,
51149,729977435,,
51153,900451184,,
51155,853254918,,
51157,692043320,,
51159,560384056,,
51161,650668984,,
51163,1553875045,,
51165,2211591319,,
51167,1233971279,,
51169,1395891624,,
51171,1325636300,,
51173,1172511154,,
51175,1560000005,,
51177,1073004196,,
51179,725325213,,
51181,803692655,,
51183,1276419707,,
51185,1346583266,,
51187,564219528,,
51191,1466383978,,
51193,655060588,,
51195,1050160852,,
51197,1203682917,,
51199,556487735,,
51510,39749599,,
51520,33742585,,
51530,16894328,,
51540,26580731,,
51550,908947850,,
51570,20242142,,
51580,14685334,,
51590,113185887,,
51595,18046692,,
51600,16246884,,
51610,5300294,,
51620,21665659,,
51630,27244846,,
51640,21437366,,
51650,353003508,,
51660,45039466,,
51670,28045799,,
51678,6540783,,
51680,128271319,,
51683,25655760,,
51685,6539335,,
51690,28510225,,
51700,309824125,,
51710,249682957,,
51720,19455448,,
51730,59423409,,
51735,203293425,,
51740,120906485,,
51750,25920014,,
51760,162054928,,
51770,110985210,,
51775,37877866,,
51790,51741513,,
51800,1110864679,,
51810,1288515915,,
51820,39136238,,
51830,23572215,,
51840,23863957,,
53001,4998163282,,
53003,1658719642,,
53005,4557603495,,
53007,7755468405,,
53009,6912722701,,
53011,1697993065,,
53013,2262186528,,
53015,3021041053,,
53017,4788377056,,
53019,5846655652,,
53021,3276227234,,
53023,1860349716,,
53025,7229815332,,
53027,5759104952,,
53029,1339864719,,
53031,5666626318,,
53033,5976276373,,
53035,1465495857,,
53037,6042413010,,
53039,4932446556,,
53041,6310105134,,
53043,6059687170,,
53045,2722188709,,
53047,13759776239,,
53049,3176717890,,
53051,3692035724,,
53053,4676121002,,
53055,1607910746,,
53057,4965098791,,
53059,4368220695,,
53061,5686970894,,
53063,4611887046,,
53065,6579439853,,
53067,2004884630,,
53069,742545197,,
53071,3364302623,,
53073,6487605361,,
53075,5640709950,,
53077,11163923111,,
54001,887977966,,
54003,832828450,,
54005,1303273351,,
54007,1337141345,,
54009,239748258,,
54011,745960056,,
54013,726956972,,
54015,890479698,,
54017,830028946,,
54019,1731013207,,
54021,880799738,,
54023,1243933878,,
54025,2653467739,,
54027,1669536488,,
54029,227836443,,
54031,1513814208,,
54033,1078775253,,
54035,1221514025,,
54037,548223195,,
54039,2359272144,,
54041,1009180110,,
54043,1135948553,,
54045,1180039819,,
54047,1385380123,,
54049,806828623,,
54051,808474997,,
54053,1151807814,,
54055,1089548489,,
54057,852676015,,
54059,1098104474,,
54061,947624417,,
54063,1226724375,,
54065,594697044,,
54067,1694904961,,
54069,282373248,,
54071,1808188689,,
54073,348475597,,
54075,2439300852,,
54077,1687088465,,
54079,907529270,,
54081,1578200838,,
54083,2693478210,,
54085,1175073457,,
54087,1252827055,,
54089,952408349,,
54091,455007886,,
54093,1090623823,,
54095,675200708,,
54097,918809605,,
54099,1326364829,,
54101,1440626032,,
54103,935838999,,
54105,608040789,,
54107,975820539,,
54109,1299704232,,
55001,1780565037,,
55003,5937187131,,
55005,2304475931,,
55007,5287977973,,
55009,1594742103,,
55011,1837840337,,
55013,2279770935,,
55015,1028425151,,
55017,2696861787,,
55019,3156340998,,
55021,2061591217,,
55023,1551947311,,
55025,3205116223,,
55027,2349381110,,
55029,6138882032,,
55031,3832341671,,
55033,2237475498,,
55035,1671059814,,
55037,1288344095,,
55039,1983521012,,
55041,2710472692,,
55043,3064923797,,
55045,1513980409,,
55047,984517439,,
55049,1989250238,,
55051,2380623692,,
55053,2591226064,,
55055,1509294125,,
55057,2085368083,,
55059,1952916565,,
55061,2808288088,,
55063,1243186816,,
55065,1643524437,,
55067,2299375765,,
55069,2348577652,,
55071,3869640144,,
55073,4082686800,,
55075,4014475800,,
55077,1202958248,,
55078,945240045,,
55079,3080824202,,
55081,2351916532,,
55083,2975503020,,
55085,3202705059,,
55087,1669526999,,
55089,2890929806,,
55091,644135925,,
55093,1535152833,,
55095,2477103549,,
55097,2131088062,,
55099,3310086806,,
55101,2051640780,,
55103,1526273700,,
55105,1880686124,,
55107,2410905743,,
55109,1905418625,,
55111,2199378970,,
55113,3497100436,,
55115,2355324808,,
55117,3292498591,,
55119,2550005185,,
55121,1921843823,,
55123,2114425271,,
55125,2635873875,,
55127,1493362479,,
55129,2210079840,,
55131,1128361600,,
55133,1503587233,,
55135,1981791591,,
55137,1650846819,,
55139,1498491488,,
55141,2095953000,,
56001,11159616877,,
56003,8179910371,,
56005,12448302314,,
56007,20626601234,,
56009,11046454308,,
56011,7421254987,,
56013,23998157416,,
56015,5781280662,,
56017,5196554070,,
56019,10812156265,,
56021,6960703057,,
56023,10605021128,,
56025,13922897590,,
56027,6806350123,,
56029,18039666461,,
56031,5467055646,,
56033,6543461436,,
56035,12783282655,,
56037,27171984503,,
56039,10922649177,,
56041,5408257582,,
56043,5808568365,,
56045,6216029616,,
