GEOID,199907
01001,42963
01003,137555
01005,28866
01007,20560
01009,50237
01011,11755
01013,21605
01015,114910
01017,36527
01019,23605
01021,38862
01023,15931
01025,27919
01027,14174
01029,14039
01031,43667
01033,54715
01035,14158
01037,12135
01039,37843
01041,13584
01043,77065
01045,49118
01047,46722
01049,63593
01051,64668
01053,38336
01055,104002
01057,18496
01059,31163
01061,25585
01063,10004
01065,16982
01067,16129
01069,88256
01071,53433
01073,662845
01075,15889
01077,87590
01079,34537
01081,112898
01083,64880
01085,13361
01087,24085
01089,274692
01091,22519
01093,31264
01095,81992
01097,399323
01099,24440
01101,223548
01103,110670
01105,12001
01107,21036
01109,29469
01111,22072
01113,49982
01115,63650
01117,140502
01119,14976
01121,79971
01123,41649
01125,164411
01127,70784
01129,18003
01131,13261
01133,24679
04001,69801
04003,116530
04005,115307
04007,50990
04009,33279
04011,8535
04012,19355
04013,3004985
04015,150351
04017,96100
04019,828905
04021,173364
04023,37713
04025,162943
04027,155665
05001,20966
05003,24261
05005,38055
05007,148636
05009,33436
05011,12518
05013,5764
05015,25062
05017,14265
05019,23490
05021,17707
05023,23806
05025,8589
05027,25614
05029,20275
05031,81038
05033,52708
05035,50530
05037,19589
05039,9272
05041,15351
05043,18683
05045,84633
05047,17779
05049,11519
05051,87177
05053,16312
05055,36881
05057,23536
05059,30155
05061,14371
05063,33951
05065,13145
05067,18617
05069,84178
05071,22656
05073,8643
05075,18003
05077,12719
05079,14474
05081,13565
05083,22223
05085,51807
05087,14003
05089,15951
05091,40391
05093,52034
05095,10387
05097,9089
05099,10066
05101,8475
05103,28954
05105,10097
05107,26817
05109,11155
05111,25525
05113,20079
05115,54300
05117,9590
05119,360312
05121,18156
05123,29353
05125,82130
05127,10977
05129,8178
05131,113302
05133,15741
05135,16878
05137,11391
05139,45706
05141,16105
05143,154627
05145,66359
05147,8855
05149,20918
06001,1427114
06003,1205
06005,34903
06007,201282
06009,40000
06011,18620
06013,936983
06015,27624
06017,154381
06019,789405
06021,26332
06023,126676
06025,141056
06027,17968
06029,655428
06031,126402
06033,57214
06035,33838
06037,9437290
06039,121883
06041,246269
06043,16966
06045,85665
06047,206734
06049,9509
06051,12589
06053,396267
06055,123026
06057,90899
06059,2815933
06061,240928
06063,20921
06065,1507912
06067,1206659
06069,51467
06071,1681601
06073,2789593
06075,774716
06077,552424
06079,243480
06081,704538
06083,396906
06085,1671498
06087,253667
06089,161987
06091,3480
06093,44424
06095,387657
06097,453421
06099,438609
06101,78216
06103,55517
06105,13050
06107,364708
06109,53857
06111,743357
06113,165269
06115,59881
08001,354146
08003,14881
08005,482262
08007,9510
08009,4562
08011,6049
08013,285901
08015,16026
08017,2255
08019,9293
08021,8336
08023,3601
08025,5336
08027,3455
08029,27586
08031,548848
08033,1824
08035,162866
08037,40443
08039,19170
08041,509044
08043,45655
08045,42611
08047,4658
08049,12138
08051,13765
08053,793
08055,7879
08057,1573
08059,523325
08061,1639
08063,8028
08065,7713
08067,43049
08069,246884
08071,14960
08073,6097
08075,20076
08077,114827
08079,802
08081,13178
08083,23601
08085,32907
08087,26796
08089,20502
08091,3622
08093,13987
08095,4521
08097,15081
08099,14520
08101,140184
08103,6022
08105,12258
08107,19237
08109,5706
08111,549
08113,6396
08115,2711
08117,23069
08119,20294
08121,4862
08123,174342
08125,9807
09001,877043
09003,853039
09005,181328
09007,153340
09009,820396
09011,257568
09013,134939
09015,108748
10001,125611
10003,496079
10005,153300
11001,570213
12001,215847
12003,21575
12005,148149
12007,25887
12009,472138
12011,1594130
12013,12795
12015,140240
12017,116634
12019,138704
12021,245094
12023,55445
12027,31353
12029,13702
12031,773150
12033,293956
12035,48324
12037,10847
12039,45117
12041,14062
12043,10384
12045,12706
12047,12807
12049,26497
12051,35638
12053,129263
12055,86604
12057,984930
12059,18666
12061,111294
12063,46039
12065,13538
12067,6513
12069,205123
12071,431981
12073,235871
12075,33893
12077,7114
12079,18609
12081,259053
12083,254964
12085,125974
12086,2220961
12087,79973
12089,56876
12091,169054
12093,35551
12095,875681
12097,167021
12099,1116913
12101,337533
12103,917379
12105,478047
12107,70499
12109,119646
12111,190349
12113,116070
12115,322839
12117,360168
12119,51725
12121,34220
12123,19467
12125,13438
12127,438368
12129,22299
12131,39864
12133,20870
13001,17323
13003,7575
13005,10053
13007,4089
13009,44440
13011,14037
13013,44615
13015,74128
13017,17516
13019,16086
13021,154254
13023,11573
13025,14369
13027,16379
13029,23150
13031,55183
13033,22156
13035,18927
13037,6176
13039,43574
13043,9530
13045,85082
13047,52118
13049,10258
13051,231630
13053,14781
13055,25158
13057,137416
13059,100173
13061,3347
13063,229966
13065,6892
13067,588871
13069,36813
13071,41737
13073,88280
13075,15563
13077,86837
13079,12369
13081,21895
13083,15029
13085,15203
13087,28063
13089,656625
13091,19139
13093,11461
13095,96199
13097,90955
13099,12311
13101,3553
13103,36838
13105,20425
13107,21784
13109,10289
13111,19443
13113,89342
13115,89659
13117,93244
13119,20021
13121,807365
13123,22357
13125,2562
13127,67426
13129,43354
13131,23568
13133,14199
13135,567569
13137,35196
13139,134781
13141,10021
13143,25301
13145,23382
13147,22754
13149,10737
13151,113011
13153,109216
13155,9793
13157,40445
13159,11177
13161,12609
13163,17342
13165,8510
13167,8551
13169,23437
13171,15593
13173,7170
13175,44573
13177,24335
13179,61987
13181,8313
13183,10108
13185,91472
13187,20547
13189,21212
13191,10625
13193,14029
13195,25334
13197,7020
13199,22502
13201,6399
13205,23615
13207,21430
13209,8215
13211,15274
13213,35495
13215,185734
13217,59506
13219,25637
13221,12312
13223,77863
13225,23348
13227,21840
13229,15387
13231,13312
13233,37812
13235,9458
13237,18667
13239,2563
13241,14798
13243,7827
13245,199395
13247,69214
13249,3706
13251,15256
13253,9343
13255,58227
13257,25270
13259,5270
13261,32957
13263,6478
13265,2050
13267,22049
13269,8790
13271,11747
13273,10954
13275,42360
13277,38234
13279,26016
13281,9135
13283,6702
13285,58376
13287,9460
13289,10548
13291,16858
13293,27473
13295,60960
13297,58160
13299,35570
13301,6375
13303,21026
13305,26340
13307,2368
13309,6111
13311,19303
13313,82505
13315,8515
13317,10708
13319,10212
13321,22067
16001,294292
16003,3517
16005,75527
16007,6390
16009,9092
16011,41550
16013,18521
16015,6344
16017,36262
16019,81576
16021,9721
16023,2892
16025,1008
16027,126720
16029,7287
16031,21425
16033,988
16035,9033
16037,4336
16039,28889
16041,11233
16043,11840
16045,15052
16047,13970
16049,15515
16051,18982
16053,18079
16055,106346
16057,34908
16059,7944
16061,3754
16063,3991
16065,27293
16067,20350
16069,37482
16071,4115
16073,10429
16075,20374
16077,7623
16079,13813
16081,5705
16083,63844
16085,7652
16087,10010
17001,68430
17003,9621
17005,17532
17007,40844
17009,6948
17011,35527
17013,5093
17015,16813
17017,13795
17019,178652
17021,35398
17023,17011
17025,14575
17027,35533
17029,53447
17031,5365344
17033,20623
17035,11186
17037,88010
17039,16764
17041,19905
17043,898083
17045,19821
17047,6954
17049,34164
17051,21786
17053,14260
17055,39126
17057,38434
17059,6477
17061,14832
17063,37121
17065,8688
17067,20266
17069,4824
17071,8218
17073,51004
17075,31389
17077,60026
17079,10256
17081,39981
17083,21659
17085,22242
17087,12778
17089,396371
17091,103675
17093,52845
17095,55987
17097,633094
17099,111600
17101,15546
17103,36080
17105,39785
17107,31264
17109,33168
17111,255448
17113,149135
17115,115142
17117,49005
17119,258739
17121,41647
17123,13182
17125,16082
17127,15258
17129,12390
17131,16948
17133,27247
17135,30748
17137,36546
17139,14198
17141,50751
17143,184042
17145,23222
17147,16388
17149,17490
17151,4366
17153,7406
17155,6080
17157,33899
17159,16212
17161,149961
17163,256201
17165,26878
17167,188957
17169,7248
17171,5515
17173,22973
17175,6368
17177,49194
17179,128540
17181,18353
17183,84276
17185,12969
17187,18870
17189,15143
17191,17203
17193,15403
17195,60658
17197,486207
17199,61476
17201,276752
17203,35449
18001,33544
18003,328699
18005,70639
18007,9483
18009,14084
18011,45163
18013,14857
18015,20084
18017,40729
18019,95651
18021,26496
18023,33642
18025,10608
18027,29840
18029,45678
18031,24627
18033,39915
18035,118772
18037,39592
18039,180645
18041,25730
18043,70792
18045,18019
18047,21981
18049,20448
18051,32294
18053,73740
18055,33035
18057,175348
18059,54745
18061,33984
18063,100514
18065,48529
18067,84772
18069,38024
18071,41159
18073,29607
18075,21806
18077,31590
18079,27196
18081,113173
18083,39438
18085,73276
18087,34706
18089,484792
18091,110028
18093,45840
18095,133334
18097,857461
18099,44922
18101,10394
18103,35559
18105,120325
18107,37545
18109,66098
18111,14596
18113,45733
18115,5579
18117,19308
18119,21445
18121,17253
18123,18939
18125,12896
18127,145815
18129,26924
18131,13754
18133,35657
18135,27427
18137,26329
18139,18352
18141,264952
18143,22693
18145,43159
18147,20378
18149,23538
18151,32867
18153,21758
18155,8965
18157,147779
18159,16559
18161,7348
18163,171966
18165,16750
18167,106231
18169,34946
18171,8346
18173,51919
18175,27152
18177,71244
18179,27521
18181,25332
18183,30607
19001,8298
19003,4498
19005,14651
19007,13709
19009,6896
19011,25214
19013,127786
19015,26164
19017,23398
19019,21158
19021,20508
19023,15286
19025,11190
19027,21631
19029,14649
19031,18178
19033,46637
19035,13096
19037,13209
19039,8908
19041,17339
19043,18825
19045,50346
19047,16911
19049,39691
19051,8518
19053,8646
19055,18444
19057,42515
19059,16333
19061,88934
19063,11103
19065,22011
19067,16959
19069,10780
19071,7997
19073,10394
19075,12332
19077,11403
19079,16387
19081,12091
19083,18784
19085,15510
19087,20351
19089,9950
19091,10414
19093,7914
19095,15570
19097,20217
19099,37096
19101,16282
19103,109814
19105,20220
19107,11317
19109,17258
19111,38281
19113,189931
19115,12174
19117,9461
19119,11812
19121,13898
19123,22400
19125,31879
19127,39313
19129,14478
19131,10895
19133,10056
19135,8061
19137,11767
19139,41587
19141,15200
19143,7049
19145,17112
19147,10137
19149,24774
19151,8808
19153,370592
19155,87153
19157,18797
19159,5449
19161,11686
19163,158765
19165,13179
19167,31669
19169,79372
19171,18121
19173,6905
19175,12397
19177,7784
19179,36042
19181,40340
19183,20578
19185,6738
19187,40255
19189,11660
19191,21289
19193,103801
19195,7890
19197,14379
20001,14444
20003,8144
20005,16823
20007,5331
20009,28501
20011,15316
20013,10802
20015,59186
20017,3003
20019,4366
20021,22678
20023,3214
20025,2413
20027,8829
20029,10375
20031,8839
20033,2008
20035,36443
20037,38195
20039,3504
20041,19323
20043,8201
20045,99490
20047,3498
20049,3333
20051,27641
20053,6487
20055,39863
20057,31992
20059,24626
20061,28162
20063,3091
20065,3001
20067,7968
20069,5844
20071,1539
20073,7702
20075,2672
20077,6589
20079,32981
20081,4257
20083,2096
20085,12528
20087,18291
20089,3842
20091,443434
20093,4521
20095,8631
20097,3355
20099,23027
20101,2180
20103,68368
20105,3580
20107,9442
20109,3038
20111,35773
20113,29449
20115,13357
20117,11005
20119,4577
20121,27875
20123,6982
20125,36506
20127,6096
20129,3537
20131,10700
20133,17088
20135,3485
20137,5940
20139,16590
20141,4493
20143,6106
20145,7267
20147,6046
20149,18041
20151,9650
20153,2983
20155,64920
20157,5900
20159,10788
20161,62920
20163,5708
20165,3593
20167,7427
20169,53485
20171,5139
20173,451808
20175,22206
20177,169499
20179,2836
20181,6790
20183,4584
20185,4865
20187,2400
20189,5423
20191,25974
20193,8177
20195,3400
20197,6864
20199,1787
20201,6505
20203,2533
20205,10406
20207,3868
20209,157980
21001,17054
21003,17658
21005,18864
21007,8225
21009,37687
21011,10911
21013,30026
21015,83349
21017,19340
21019,49816
21021,27662
21023,8291
21025,16087
21027,18422
21029,60074
21031,12937
21033,13155
21035,34147
21037,88545
21039,5355
21041,10048
21043,26879
21045,15311
21047,72388
21049,32831
21051,24522
21053,9619
21055,9344
21057,7090
21059,91325
21061,11602
21063,6652
21065,15291
21067,258704
21069,13606
21071,42626
21073,47163
21075,7843
21077,7874
21079,14529
21081,21804
21083,36851
21085,23895
21087,11404
21089,36920
21091,8373
21093,93269
21095,33647
21097,17845
21099,17112
21101,44801
21103,14976
21105,5298
21107,46679
21109,13461
21111,691879
21113,38419
21115,23719
21117,150914
21119,17670
21121,31582
21123,13262
21125,51881
21127,15510
21129,7887
21131,12503
21133,25392
21135,13915
21137,23004
21139,9745
21141,26469
21143,7978
21145,65553
21147,17065
21149,9835
21151,69559
21153,13398
21155,18050
21157,30078
21159,12527
21161,16842
21163,26027
21165,6361
21167,20765
21169,10064
21171,11754
21173,22267
21175,13870
21177,31873
21179,36825
21181,6891
21183,22800
21185,45027
21187,10459
21189,4890
21191,14062
21193,29729
21195,69502
21197,13075
21199,55993
21201,2286
21203,16466
21205,22111
21207,16275
21209,32048
21211,32585
21213,16326
21215,11017
21217,22916
21219,11934
21221,12399
21223,7983
21225,15755
21227,91550
21229,10895
21231,19704
21233,14077
21235,35631
21237,6987
21239,23051
22001,58762
22003,25364
22005,74662
22007,23372
22009,41373
22011,32649
22013,15813
22015,97284
22017,251876
22019,183417
22021,10540
22023,9991
22025,10956
22027,16975
22029,20348
22031,25447
22033,412110
22035,9426
22037,21272
22039,35396
22041,21279
22043,18699
22045,73243
22047,33191
22049,15398
22051,457571
22053,31525
22055,190049
22057,90062
22059,14219
22061,42435
22063,89799
22065,13672
22067,31122
22069,38814
22071,485511
22073,147190
22075,26689
22077,22807
22079,126104
22081,9664
22083,21039
22085,23415
22087,67659
22089,47907
22091,10444
22093,21221
22095,42865
22097,87034
22099,48285
22101,54246
22103,188947
22105,99643
22107,6717
22109,104507
22111,22737
22113,53775
22115,52389
22117,43884
22119,42092
22121,21569
22123,12368
22125,14913
22127,17079
23001,103403
23003,74227
23005,263931
23007,29370
23009,51404
23011,116679
23013,39303
23015,33212
23017,54454
23019,144902
23021,17218
23023,35218
23025,50786
23027,35736
23029,34148
23031,182817
24001,75288
24003,484800
24005,749425
24009,72858
24011,29610
24013,149149
24015,84591
24017,118571
24019,30783
24021,191606
24023,29834
24025,216408
24027,243007
24029,19015
24031,862350
24033,795048
24035,40077
24037,85627
24039,24766
24041,33656
24043,131178
24045,83714
24047,45707
24510,657441
25001,218960
25003,135227
25005,531208
25007,14707
25009,718629
25011,71450
25013,455391
25015,151756
25017,1459797
25019,9213
25021,648262
25023,469065
25025,689109
25027,744571
26001,11641
26003,9945
26005,104476
26007,31313
26009,22556
26011,17070
26013,8744
26015,56171
26017,110295
26019,15652
26021,162028
26023,45382
26025,138021
26027,50852
26029,25806
26031,25949
26033,38423
26035,30808
26037,64069
26039,14077
26041,38448
26043,27497
26045,102991
26047,30967
26049,434409
26051,25746
26053,17456
26055,76710
26057,40276
26059,46162
26061,36107
26063,36077
26065,280035
26067,61527
26069,27180
26071,13157
26073,63093
26075,157085
26077,237581
26079,16400
26081,568731
26083,2247
26085,10772
26087,87080
26089,20636
26091,98565
26093,153033
26095,7007
26097,11848
26099,783828
26101,24133
26103,64410
26105,28179
26107,40217
26109,25360
26111,82599
26113,14235
26115,144525
26117,60830
26119,10163
26121,169331
26123,47393
26125,1188498
26127,26440
26129,21492
26131,7843
26133,22991
26135,9416
26137,22932
26139,234916
26141,14521
26143,25233
26145,210400
26147,163096
26149,62110
26151,44420
26153,8862
26155,71691
26157,58290
26159,76046
26161,318270
26163,2072114
26165,30231
27001,15062
27003,293599
27005,29703
27007,39247
27009,33653
27011,5847
27013,55698
27015,27040
27017,31558
27019,68181
27021,26671
27023,13157
27025,40070
27027,50971
27029,8526
27031,5037
27033,12250
27035,54173
27037,350520
27039,17387
27041,32489
27043,16288
27045,21050
27047,32638
27049,43974
27051,6307
27053,1109634
27055,19631
27057,17989
27059,30609
27061,43899
27063,11350
27065,14715
27067,41329
27069,5329
27071,14512
27073,8107
27075,11037
27077,4557
27079,25218
27081,6493
27083,25402
27085,34940
27087,5204
27089,10235
27091,21878
27093,22431
27095,21919
27097,31363
27099,38352
27101,9214
27103,29407
27105,20639
27107,7468
27109,122585
27111,56680
27113,13667
27115,25956
27117,10046
27119,31294
27121,11197
27123,509175
27125,4346
27127,16928
27129,17153
27131,56082
27133,9785
27135,16389
27137,200164
27139,85094
27141,61969
27143,15330
27145,131810
27147,33288
27149,10198
27151,11949
27153,24385
27155,4178
27157,21476
27159,13639
27161,19477
27163,197391
27165,11994
27167,7137
27169,49679
27171,87891
27173,11192
28001,34591
28003,34320
28005,13614
28007,19593
28009,8066
28011,40854
28013,15119
28015,10682
28017,19454
28019,9701
28021,11779
28023,17990
28025,21947
28027,30836
28029,28795
28031,19125
28033,103343
28035,72411
28037,8416
28039,19057
28041,13229
28043,23318
28045,42062
28047,188565
28049,250823
28051,21643
28053,11335
28055,2263
28057,22420
28059,130392
28061,18185
28063,9655
28065,14142
28067,64797
28069,10532
28071,38375
28073,38239
28075,78224
28077,13146
28079,20812
28081,75163
28083,38169
28085,33004
28087,61631
28089,73640
28091,25657
28093,34639
28095,38013
28097,12265
28099,28585
28101,21769
28103,12546
28105,42376
28107,33948
28109,48098
28111,11948
28113,38778
28115,26528
28117,25388
28119,10233
28121,112881
28123,28185
28125,6624
28127,27308
28129,16097
28131,13500
28133,34474
28135,14905
28137,25127
28139,20789
28141,19086
28143,9091
28145,24673
28147,15216
28149,49715
28151,63714
28153,21189
28155,10332
28157,10306
28159,20105
28161,12794
28163,28069
29001,24961
29003,16308
29005,6548
29007,25810
29009,33769
29011,12494
29013,16407
29015,16949
29017,11891
29019,134081
29021,85602
29023,40945
29025,8920
29027,40074
29029,36316
29031,68504
29033,10306
29035,5911
29037,80750
29039,13680
29041,8477
29043,52355
29045,7452
29047,181984
29049,18827
29051,71114
29053,16470
29055,22520
29057,7908
29059,15555
29061,8040
29063,11500
29065,14833
29067,12966
29069,33264
29071,92914
29073,15184
29075,6821
29077,238802
29079,10503
29081,8759
29083,21747
29085,8930
29087,5438
29089,10227
29091,37128
29093,10862
29095,654073
29097,103740
29099,196287
29101,47786
29103,4378
29105,32142
29107,32805
29109,34723
29111,10402
29113,37975
29115,13854
29117,14675
29119,21561
29121,15755
29123,11757
29125,8776
29127,28309
29129,3742
29131,23321
29133,13578
29135,14644
29137,9238
29139,12143
29141,19038
29143,19949
29145,52082
29147,21951
29149,10346
29151,12904
29153,9509
29155,20216
29157,18064
29159,39137
29161,39568
29163,18282
29165,72555
29167,26707
29169,38967
29171,5153
29173,9494
29175,24640
29177,23291
29179,6544
29181,13516
29183,277961
29185,9528
29186,17631
29187,55345
29189,1016040
29195,23743
29197,4178
29199,4974
29201,40464
29203,8335
29205,6812
29207,29721
29209,28170
29211,7192
29213,38743
29215,22940
29217,20427
29219,24071
29221,23067
29223,13194
29225,30463
29227,2385
29229,18025
29510,350156
30001,9184
30003,12653
30005,7087
30007,4364
30009,9495
30011,1391
30013,80596
30015,5846
30017,11782
30019,2041
30021,9071
30023,9529
30025,2918
30027,11979
30029,73626
30031,66437
30033,1313
30035,13280
30037,1088
30039,2786
30041,16815
30043,9973
30045,2301
30047,26078
30049,55214
30051,2192
30053,18837
30055,2015
30057,6801
30059,1929
30061,3869
30063,94791
30065,4499
30067,15595
30069,494
30071,4720
30073,6493
30075,1863
30077,7143
30079,1238
30081,35311
30083,9765
30085,10614
30087,9424
30089,10124
30091,4169
30093,34757
30095,8100
30097,3518
30099,6460
30101,5201
30103,868
30105,7792
30107,2270
30109,1072
30111,128736
31001,31106
31003,7493
31005,445
31007,804
31009,586
31011,6376
31013,12374
31015,2458
31017,3559
31019,41904
31021,7799
31023,8743
31025,24184
31027,9697
31029,4128
31031,6185
31033,9813
31035,7100
31037,10466
31039,10253
31041,11803
31043,20094
31045,9132
31047,24159
31049,2059
31051,6396
31053,35904
31055,460798
31057,2304
31059,6705
31061,3656
31063,3115
31065,5386
31067,22939
31069,2288
31071,1921
31073,2142
31075,748
31077,2730
31079,53553
31081,9456
31083,3807
31085,1071
31087,3151
31089,11741
31091,780
31093,6587
31095,8337
31097,4498
31099,6897
31101,8953
31103,994
31105,4148
31107,9404
31109,247442
31111,34562
31113,782
31115,712
31117,536
31119,35347
31121,8290
31123,5409
31125,4036
31127,7629
31129,5138
31131,15277
31133,3103
31135,3281
31137,9755
31139,7914
31141,31558
31143,5705
31145,11440
31147,9555
31149,1745
31151,13821
31153,121025
31155,19751
31157,36849
31159,16438
31161,6286
31163,3384
31165,1475
31167,6483
31169,6096
31171,721
31173,7138
31175,4655
31177,18704
31179,9909
31181,4106
31183,898
31185,14680
32001,23859
32003,1321254
32005,40458
32007,45134
32009,979
32011,1697
32013,16722
32015,6073
32017,4119
32019,33200
32021,5273
32023,31475
32027,6653
32029,3392
32031,332833
32033,9644
32510,51953
33001,55517
33003,42815
33005,73447
33007,32998
33009,81387
33011,376407
33013,134455
33015,273853
33017,111028
33019,40107
34001,250432
34003,880225
34005,420542
34007,509410
34009,102135
34011,146293
34013,789678
34015,252536
34017,603993
34019,120689
34021,348435
34023,742213
34025,610811
34027,467678
34029,504007
34031,488131
34033,64483
34035,293770
34037,142750
34039,520341
34041,101040
35001,553002
35003,3413
35005,62052
35006,25512
35007,14024
35009,45153
35011,2296
35013,173889
35015,52192
35017,31264
35019,4445
35021,829
35023,6353
35025,56399
35027,18837
35028,18509
35029,25005
35031,73545
35033,5097
35035,61903
35037,10357
35039,40826
35041,18130
35043,88116
35045,112574
35047,30108
35049,127966
35051,13105
35053,17959
35055,29493
35057,16430
35059,4155
35061,65144
36001,294692
36003,49997
36005,1317895
36007,200881
36009,84050
36011,82034
36013,140087
36015,91284
36017,51286
36019,79875
36021,63217
36023,48734
36025,48069
36027,277586
36029,952546
36031,38664
36033,51061
36035,55011
36037,60554
36039,47975
36041,5325
36043,64462
36045,112081
36047,2447352
36049,26914
36051,64243
36053,69523
36055,733679
36057,49918
36059,1330815
36061,1535624
36063,220556
36065,235412
36067,458575
36069,99802
36071,336630
36073,44183
36075,122199
36077,61629
36079,94647
36081,2208975
36083,152392
36085,437814
36087,285265
36089,112202
36091,198641
36093,146857
36095,31537
36097,19117
36099,33231
36101,98458
36103,1406161
36105,73341
36107,51892
36109,96656
36111,176526
36113,63031
36115,61043
36117,93790
36119,918532
36121,43584
36123,24613
37001,128743
37003,33274
37005,10567
37007,25288
37009,24181
37011,17040
37013,45001
37015,19903
37017,32143
37019,71367
37021,204340
37023,88496
37025,127826
37027,76663
37029,6801
37031,59341
37033,23255
37035,139522
37037,48398
37039,23956
37041,14558
37043,8649
37045,95293
37047,54522
37049,90843
37051,301608
37053,17856
37055,29366
37057,146106
37059,34132
37061,48401
37063,219811
37065,56291
37067,303630
37069,46293
37071,189127
37073,10479
37075,7929
37077,47498
37079,18687
37081,416459
37083,57440
37085,89127
37087,53602
37089,87825
37091,22579
37093,32833
37095,5914
37097,120031
37099,32420
37101,117765
37103,10350
37105,48766
37107,59863
37109,62955
37111,41874
37113,29252
37115,19392
37117,25623
37119,682071
37121,15498
37123,26430
37125,73799
37127,87042
37129,158774
37131,21981
37133,149628
37135,116862
37137,12898
37139,34913
37141,40538
37143,11234
37145,35155
37147,132554
37149,18024
37151,128722
37153,46449
37155,122514
37157,91845
37159,129436
37161,62511
37163,59325
37165,35926
37167,57791
37169,44255
37171,70942
37173,12799
37175,29160
37177,4150
37179,118621
37181,42530
37183,612728
37185,19994
37187,13745
37189,42412
37191,113176
37193,65092
37195,73166
37197,35805
37199,17612
38001,2648
38003,11914
38005,6949
38007,927
38009,7267
38011,3294
38013,2276
38015,68998
38017,121921
38019,4884
38021,5740
38023,2322
38025,3597
38027,2837
38029,4386
38031,3814
38033,1941
38035,66625
38037,2862
38039,2806
38041,2774
38043,2794
38045,4731
38047,2339
38049,6066
38051,3427
38053,5771
38055,9442
38057,8794
38059,25237
38061,6700
38063,3730
38065,2086
38067,8658
38069,4721
38071,12199
38073,5854
38075,2655
38077,18097
38079,13676
38081,4373
38083,1725
38085,3982
38087,805
38089,22914
38091,2280
38093,21997
38095,2938
38097,8510
38099,12567
38101,59188
38103,5170
38105,20051
39001,27422
39003,108192
39005,52431
39007,102796
39009,61856
39011,46663
39013,70587
39015,41544
39017,330751
39019,28763
39021,38669
39023,145159
39025,176389
39027,40104
39029,112151
39031,36526
39033,47156
39035,1399752
39037,53375
39039,39712
39041,105518
39043,79513
39045,121431
39047,28420
39049,1061223
39051,41987
39053,31156
39055,90085
39057,147479
39059,40754
39061,849917
39063,71019
39065,31966
39067,15880
39069,29267
39071,40539
39073,28222
39075,38594
39077,59266
39079,32638
39081,74546
39083,54061
39085,227605
39087,62523
39089,143697
39091,46063
39093,283364
39095,455515
39097,40299
39099,259145
39101,66533
39103,149137
39105,23209
39107,40958
39109,98587
39111,15233
39113,561944
39115,14843
39117,31198
39119,84388
39121,14009
39123,41017
39125,20414
39127,33960
39129,52492
39131,27521
39133,151388
39135,42389
39137,34654
39139,129233
39141,73287
39143,61777
39145,79640
39147,58957
39149,47750
39151,378220
39153,541737
39155,226084
39157,90501
39159,40154
39161,29825
39163,12735
39165,152448
39167,63479
39169,111191
39171,39106
39173,120869
39175,22897
40001,20904
40003,6125
40005,13856
40007,6024
40009,19957
40011,11882
40013,36182
40015,30257
40017,86306
40019,45578
40021,41937
40023,15265
40025,3129
40027,206844
40029,6021
40031,116064
40033,6478
40035,14899
40037,67056
40039,26263
40041,36503
40043,4811
40045,4134
40047,58197
40049,26971
40051,45280
40053,5171
40055,6193
40057,3278
40059,3602
40061,11707
40063,14177
40065,28789
40067,6902
40069,10529
40071,48360
40073,13919
40075,10236
40077,10662
40079,47858
40081,31796
40083,33503
40085,8806
40087,27436
40089,34348
40091,19320
40093,7550
40095,13097
40097,38217
40099,12635
40101,69413
40103,11492
40105,10489
40107,11762
40109,657182
40111,39680
40113,44213
40115,32869
40117,16381
40119,68039
40121,43836
40123,34993
40125,64861
40127,11655
40129,3483
40131,68884
40133,24902
40135,38661
40137,43344
40139,19878
40141,9378
40143,561682
40145,56735
40147,49013
40149,11528
40151,9125
40153,18655
41001,16755
41003,78254
41005,335891
41007,35720
41009,43360
41011,62962
41013,18596
41015,21182
41017,111933
41019,100364
41021,1925
41023,8013
41025,7565
41027,20199
41029,179264
41031,18537
41033,75209
41035,63396
41037,7431
41039,321778
41041,44935
41043,103462
41045,31558
41047,282129
41049,10757
41051,657740
41053,61856
41055,1962
41057,24335
41059,69847
41061,24590
41063,7262
41065,23665
41067,435602
41069,1553
41071,84354
42001,90363
42003,1287247
42005,72572
42007,182592
42009,49853
42011,370942
42013,129757
42015,62701
42017,593947
42019,172924
42021,153911
42023,6026
42025,58845
42027,135315
42029,428055
42031,41771
42033,83229
42035,37888
42037,64301
42039,90149
42041,213282
42043,251329
42045,550820
42047,35264
42049,281294
42051,148857
42053,4942
42055,128875
42057,14317
42059,40796
42061,45567
42063,89717
42065,46002
42067,22628
42069,214001
42071,467879
42073,94870
42075,119944
42077,310514
42079,320888
42081,120182
42083,46287
42085,120749
42087,46463
42089,134936
42091,744683
42093,18148
42095,265928
42097,94833
42099,43565
42101,1520064
42103,45063
42105,17829
42107,151021
42109,37571
42111,80127
42113,6485
42115,42165
42117,41454
42119,41531
42121,57851
42123,44064
42125,203078
42127,47133
42129,371248
42131,28268
42133,378905
44001,50466
44003,166044
44005,84840
44007,616607
44009,122445
45001,25921
45003,141379
45005,11316
45007,164029
45009,16674
45011,23377
45013,117975
45015,141956
45017,14961
45019,309247
45021,51956
45023,33901
45025,42272
45027,32247
45029,37891
45031,67029
45033,30682
45035,94966
45037,24160
45039,23169
45041,125612
45043,55053
45045,374851
45047,66054
45049,21209
45051,191833
45053,20447
45055,51708
45057,61103
45059,68783
45061,20162
45063,213243
45065,9898
45067,35425
45069,28906
45071,35995
45073,65513
45075,91313
45077,109851
45079,318034
45081,19011
45083,251886
45085,104827
45087,29964
45089,37347
45091,161546
46003,3038
46005,17097
46007,3536
46009,7274
46011,27921
46013,35705
46015,5410
46017,2042
46019,9032
46021,1818
46023,9317
46025,4187
46027,13645
46029,25864
46031,4128
46033,7141
46035,18720
46037,6315
46039,4484
46041,5933
46043,3535
46045,4367
46047,7515
46049,2630
46051,7918
46053,4869
46055,2246
46057,5510
46059,3814
46061,3101
46063,1379
46065,16386
46067,8096
46069,1670
46071,2902
46073,2321
46075,1213
46077,5803
46079,11309
46081,21839
46083,22945
46085,3850
46087,5763
46089,2900
46091,4589
46093,23994
46095,2050
46097,2863
46099,145631
46101,6617
46103,88047
46105,3428
46107,2725
46109,10027
46111,2695
46113,12269
46115,7536
46117,2764
46119,1552
46121,8946
46123,6554
46125,8799
46127,12586
46129,6011
46135,21667
46137,2574
47001,71454
47003,36931
47005,16519
47007,12142
47009,104492
47011,87125
47013,39514
47015,12499
47017,29432
47019,56244
47021,35382
47023,15407
47025,29646
47027,7893
47029,33264
47031,47506
47033,14436
47035,46068
47037,567251
47039,11696
47041,17257
47043,42602
47045,37104
47047,28048
47049,16516
47051,39004
47053,48181
47055,29279
47057,20445
47059,62357
47061,14271
47063,57784
47065,306915
47067,6765
47069,27773
47071,25493
47073,52986
47075,19735
47077,25162
47079,30875
47081,21803
47083,8200
47085,17881
47087,10788
47089,43611
47091,17377
47093,380010
47095,7966
47097,27046
47099,39761
47101,11344
47103,31015
47105,38741
47107,48349
47109,24509
47111,20064
47113,90999
47115,27615
47117,26439
47119,69082
47121,10899
47123,38071
47125,132489
47127,5623
47129,19583
47131,32337
47133,19829
47135,7580
47137,4919
47139,15857
47141,61881
47143,28153
47145,51736
47147,53514
47149,177473
47151,20907
47153,11183
47155,69302
47157,893826
47159,17311
47161,12092
47163,153112
47165,128383
47167,50152
47169,7045
47171,17662
47173,17524
47175,5475
47177,37916
47179,106239
47181,16812
47183,34696
47185,22936
47187,122827
47189,87309
48001,54876
48003,13225
48005,79611
48007,22417
48009,8455
48011,2116
48013,37736
48015,23129
48017,6579
48019,17039
48021,55682
48023,4112
48025,32204
48027,233886
48029,1378688
48031,8326
48033,761
48035,17035
48037,89095
48039,237602
48041,150211
48043,8837
48045,1802
48047,8082
48049,37476
48051,16160
48053,33017
48055,31485
48057,20634
48059,12787
48061,330277
48063,11376
48065,6543
48067,30416
48069,8441
48071,25515
48073,46343
48075,7667
48077,10673
48079,3741
48081,3865
48083,9363
48085,468620
48087,3213
48089,20355
48091,75919
48093,14031
48095,3894
48097,35883
48099,74264
48101,1966
48103,4125
48105,4280
48107,7106
48109,3063
48111,6247
48113,2197658
48115,15072
48117,18644
48119,5251
48121,416622
48123,20032
48125,2810
48127,10276
48129,3811
48131,13289
48133,18197
48135,122450
48137,2326
48139,108174
48141,675397
48143,32800
48145,18572
48147,30611
48149,21723
48151,4343
48153,7864
48155,1653
48157,343372
48159,9421
48161,17761
48163,16309
48165,14529
48167,248893
48169,4838
48171,20464
48173,1409
48175,6791
48177,18467
48179,23213
48181,109173
48183,111783
48185,23357
48187,86332
48189,36638
48191,3791
48193,8122
48195,5402
48197,4723
48199,47863
48201,3359671
48203,61978
48205,5477
48207,6198
48209,93622
48211,3447
48213,72080
48215,555875
48217,31564
48219,22917
48221,39969
48223,31638
48225,23085
48227,33937
48229,3323
48231,75086
48233,24027
48235,1749
48237,8644
48239,14241
48241,35318
48243,2168
48245,252288
48247,5267
48249,39103
48251,123249
48253,20633
48255,15468
48257,69008
48259,22967
48261,412
48263,880
48265,43200
48267,4412
48269,346
48271,3395
48273,31497
48275,4248
48277,48013
48279,14749
48281,17323
48283,5829
48285,19159
48287,15436
48289,15027
48291,68661
48293,21878
48295,3097
48297,12191
48299,16510
48301,77
48303,240776
48305,6625
48307,8284
48309,211548
48311,832
48313,12756
48315,10888
48317,4819
48319,3710
48321,37894
48323,46945
48325,38697
48327,2348
48329,117621
48331,24125
48333,5117
48335,9822
48337,19030
48339,284271
48341,20128
48343,13020
48345,1392
48347,59006
48349,44440
48351,15041
48353,15898
48355,314553
48357,9027
48359,2152
48361,84883
48363,26720
48365,22765
48367,86087
48369,10036
48371,17007
48373,40661
48375,112919
48377,7322
48379,8934
48381,102891
48383,3433
48385,2981
48387,14331
48389,13355
48391,7834
48393,905
48395,15956
48397,40864
48399,11495
48401,47251
48403,10510
48405,8872
48407,21669
48409,67185
48411,6151
48413,2984
48415,16766
48417,3318
48419,24953
48421,3171
48423,172758
48425,6731
48427,53226
48429,9735
48431,1432
48433,1720
48435,4208
48437,8378
48439,1422372
48441,126335
48443,1136
48445,12985
48447,1886
48449,27920
48451,103908
48453,788500
48455,13596
48457,20776
48459,35150
48461,3461
48463,25901
48465,44366
48467,47202
48469,83984
48471,61476
48473,31743
48475,11194
48477,30128
48479,189014
48481,41071
48483,5378
48485,132246
48487,14707
48489,19982
48491,236609
48493,31631
48495,7389
48497,46965
48499,36184
48501,7455
48503,17973
48505,12031
48507,11590
49001,5978
49003,42378
49005,90299
49007,20574
49009,877
49011,235912
49013,14395
49015,10916
49017,4649
49019,8358
49021,32883
49023,8076
49025,5986
49027,12416
49029,6991
49031,1426
49033,1924
49035,891116
49037,14403
49039,22550
49041,18693
49043,29004
49045,38079
49047,25203
49049,361631
49051,14577
49053,88049
49055,2442
49057,193697
50001,35687
50003,36927
50005,29546
50007,145379
50009,6469
50011,44898
50013,6749
50015,22792
50017,28004
50019,26052
50021,63257
50023,57759
50025,44179
50027,56985
51001,37614
51003,78631
51005,12861
51007,11137
51009,31710
51011,13651
51013,188716
51015,64847
51017,5052
51019,59436
51021,6893
51023,30138
51025,18290
51027,27469
51029,15479
51031,50812
51033,22049
51035,28917
51036,6910
51037,12495
51041,256555
51043,12535
51045,5065
51047,33593
51049,8936
51051,16516
51053,24466
51057,9885
51059,955629
51061,54029
51063,13652
51065,19529
51067,46677
51069,58011
51071,16554
51073,34576
51075,16675
51077,17812
51079,14902
51081,11499
51083,37444
51085,84602
51087,257884
51089,57921
51091,2519
51093,29315
51095,46934
51097,6625
51099,16628
51101,12992
51103,11487
51105,23662
51107,158128
51109,25256
51111,13183
51113,12438
51115,9223
51117,32296
51119,9846
51121,83175
51125,14320
51127,13261
51131,13143
51133,12180
51135,15724
51137,25559
51139,23154
51141,19339
51143,61214
51145,21775
51147,19758
51149,32530
51153,272661
51155,35085
51157,7047
51159,8835
51161,85240
51163,20597
51165,68094
51167,30110
51169,23408
51171,34639
51173,33013
51175,17462
51177,87189
51179,89436
51181,6769
51183,12556
51185,44968
51187,31091
51191,50842
51193,16687
51195,40112
51197,27472
51199,55622
51510,125668
51515,6322
51520,17515
51530,6353
51540,44280
51550,196035
51560,4378
51570,16808
51580,6362
51590,49091
51595,5734
51600,21475
51610,10192
51620,8575
51630,19478
51640,6818
51650,145538
51660,39217
51670,22235
51678,6987
51680,65406
51683,34577
51685,10002
51690,15581
51700,180224
51710,233497
51720,3991
51730,34181
51735,11495
51740,100794
51750,15913
51760,199145
51770,95431
51775,24642
51790,23983
51800,62393
51810,422369
51820,19320
51830,11994
51840,23522
53001,16239
53003,20560
53005,140629
53007,65764
53009,64252
53011,339541
53013,4061
53015,92820
53017,32572
53019,7155
53021,48396
53023,2410
53025,73928
53027,67265
53029,70440
53031,25646
53033,1729058
53035,229393
53037,32914
53039,18929
53041,68345
53043,10129
53045,48753
53047,39394
53049,21039
53051,11658
53053,692662
53055,13762
53057,101701
53059,9774
53061,597931
53063,415426
53065,39524
53067,204873
53069,3790
53071,54806
53073,164566
53075,40886
53077,221573
54001,15616
54003,74366
54005,25640
54007,14521
54009,25776
54011,96987
54013,7648
54015,10363
54017,7334
54019,47817
54021,7152
54023,11314
54025,34588
54027,19896
54029,32954
54031,12541
54033,69056
54035,27912
54037,41553
54039,201309
54041,16980
54043,22002
54045,38306
54047,27848
54049,56820
54051,35900
54053,25923
54055,63181
54057,27170
54059,29098
54061,81435
54063,14366
54065,14656
54067,26707
54069,47743
54071,8242
54073,7578
54075,9176
54077,29453
54079,51245
54081,79614
54083,28389
54085,10351
54087,15336
54089,13198
54091,15996
54093,7365
54095,9621
54097,23387
54099,42812
54101,9782
54103,17776
54105,5849
54107,88109
54109,26042
55001,18462
55003,16891
55005,44705
55007,14895
55009,224825
55011,13751
55013,15433
55015,40276
55017,54760
55019,33418
55021,51949
55023,17163
55025,423248
55027,85397
55029,27681
55031,42960
55033,39518
55035,92618
55037,5039
55039,96985
55041,9955
55043,49708
55045,33474
55047,19109
55049,22709
55051,6840
55053,18859
55055,73660
55057,24184
55059,148321
55061,20109
55063,106410
55065,16163
55067,20693
55069,29393
55071,82803
55073,125404
55075,43226
55077,15646
55078,4545
55079,940529
55081,40541
55083,35166
55085,36503
55087,159219
55089,81766
55091,7277
55093,36501
55095,40785
55097,66963
55099,15788
55101,188361
55103,17609
55105,151541
55107,15289
55109,61634
55111,54647
55113,16066
55115,40222
55117,112088
55119,19568
55121,26808
55123,28016
55125,20802
55127,92407
55129,15852
55131,116131
55133,357829
55135,51378
55137,22843
55139,155801
55141,75551
56001,32192
56003,11480
56005,32844
56007,15730
56009,11993
56011,5849
56013,35729
56015,12502
56017,4920
56019,6958
56021,81009
56023,14338
56025,66282
56027,2454
56029,25664
56031,8866
56033,26328
56035,5835
56037,38142
56039,17672
56041,19901
56043,8425
56045,6667
