GEOID,199901,199902,199903,199904,199905,199906,199907,199908,199909,199910,199911,199912,200001,200002,200003,200004,200005,200006,200007,200008,200009,200010,200011,200012,200101,200102,200103,200104,200105,200106,200107,200108,200109,200110,200111,200112,200201,200202,200203,200204,200205,200206,200207,200208,200209,200210,200211,200212,200301,200302,200303,200304,200305,200306,200307,200308,200309,200310,200311,200312,200401,200402,200403,200404,200405,200406,200407,200408,200409,200410,200411,200412,200501,200502,200503,200504,200505,200506,200507,200508,200509,200510,200511,200512,200601,200602,200603,200604,200605,200606,200607,200608,200609,200610,200611,200612,200701,200702,200703,200704,200705,200706,200707,200708,200709,200710,200711,200712,200801,200802,200803,200804,200805,200806,200807,200808,200809,200810,200811,200812,200901,200902,200903,200904,200905,200906,200907,200908,200909,200910,200911,200912,201001,201002,201003,201004,201005,201006,201007,201008,201009,201010,201011,201012,201101,201102,201103,201104,201105,201106,201107,201108,201109,201110,201111,201112,201201,201202,201203,201204,201205,201206,201207,201208,201209,201210,201211,201212,201301,201302,201303,201304,201305,201306,201307,201308,201309,201310,201311,201312,201401,201402,201403,201404,201405,201406,201407,201408,201409,201410,201411,201412,201501,201502,201503,201504,201505,201506,201507,201508,201509,201510,201511,201512,201601,201602,201603,201604,201605,201606,201607,201608,201609,201610,201611,201612,201701,201702,201703,201704,201705,201706,201707,201708,201709,201710,201711,201712,201801,201802,201803,201804,201805,201806,201807,201808,201809,201810,201811,201812,201901,201902,201903,201904,201905,201906,201907,201908,201909,201910,201911,201912
01,79.0,30.0,115.0,55.0,37.0,38.0,25.0,48.0,32.0,43.0,45.0,107.0,129.0,60.0,54.0,49.0,35.0,44.0,32.0,33.0,37.0,30.0,45.0,61.0,74.0,59.0,36.0,52.0,53.0,39.0,45.0,27.0,36.0,76.0,56.0,61.0,84.0,60.0,104.0,63.0,49.0,33.0,47.0,43.0,42.0,35.0,69.0,65.0,67.0,80.0,63.0,75.0,55.0,40.0,34.0,46.0,17.0,45.0,41.0,122.0,113.0,67.0,80.0,70.0,25.0,36.0,62.0,32.0,41.0,47.0,70.0,76.0,48.0,103.0,120.0,66.0,55.0,64.0,31.0,43.0,33.0,27.0,45.0,72.0,88.0,55.0,90.0,55.0,72.0,50.0,38.0,43.0,38.0,31.0,36.0,52.0,81.0,76.0,98.0,76.0,69.0,21.0,37.0,38.0,41.0,62.0,61.0,90.0,72.0,128.0,100.0,92.0,88.0,57.0,55.0,57.0,46.0,42.0,43.0,109.0,65.0,47.0,97.0,95.0,73.0,85.0,49.0,69.0,48.0,101.0,54.0,92.0,109.0,124.0,73.0,120.0,56.0,70.0,63.0,58.0,71.0,65.0,56.0,102.0,105.0,84.0,101.0,110.0,73.0,49.0,68.0,76.0,60.0,37.0,78.0,77.0,128.0,83.0,78.0,54.0,47.0,81.0,85.0,86.0,58.0,71.0,143.0,164.0,178.0,116.0,145.0,96.0,81.0,53.0,58.0,43.0,112.0,67.0,65.0,128.0,175.0,109.0,71.0,80.0,82.0,97.0,53.0,71.0,87.0,43.0,133.0,135.0,124.0,132.0,187.0,91.0,119.0,89.0,74.0,66.0,71.0,74.0,106.0,122.0,132.0,113.0,136.0,131.0,118.0,94.0,83.0,77.0,59.0,99.0,111.0,171.0,140.0,176.0,106.0,102.0,84.0,92.0,84.0,95.0,67.0,96.0,103.0,223.0,258.0,102.0,138.0,187.0,166.0,94.0,88.0,102.0,80.0,131.0,83.0,154.0,184.0,126.0,129.0,170.0,141.0,116.0,92.0,92.0,81.0,87.0,88.0,184.0
04,292.0,299.0,249.0,198.0,159.0,126.0,108.0,128.0,111.0,134.0,137.0,236.0,261.0,244.0,206.0,155.0,163.0,144.0,135.0,141.0,144.0,146.0,190.0,196.0,198.0,184.0,254.0,181.0,201.0,161.0,153.0,166.0,140.0,164.0,167.0,190.0,235.0,256.0,291.0,195.0,186.0,143.0,138.0,112.0,148.0,142.0,156.0,206.0,197.0,243.0,197.0,190.0,202.0,146.0,153.0,150.0,138.0,139.0,150.0,272.0,193.0,171.0,221.0,198.0,177.0,149.0,148.0,138.0,150.0,168.0,161.0,187.0,228.0,203.0,275.0,306.0,230.0,174.0,141.0,137.0,134.0,161.0,173.0,302.0,326.0,277.0,287.0,214.0,195.0,182.0,149.0,121.0,151.0,183.0,174.0,244.0,275.0,226.0,251.0,192.0,201.0,152.0,163.0,160.0,190.0,152.0,156.0,221.0,270.0,287.0,315.0,258.0,196.0,207.0,164.0,180.0,161.0,190.0,167.0,229.0,270.0,261.0,249.0,248.0,211.0,155.0,183.0,159.0,153.0,200.0,161.0,199.0,267.0,222.0,319.0,215.0,209.0,185.0,177.0,155.0,159.0,194.0,237.0,268.0,319.0,271.0,321.0,277.0,225.0,190.0,184.0,198.0,188.0,205.0,206.0,262.0,287.0,278.0,321.0,297.0,211.0,199.0,210.0,187.0,191.0,244.0,218.0,263.0,390.0,350.0,317.0,252.0,231.0,208.0,227.0,175.0,212.0,220.0,210.0,231.0,351.0,315.0,277.0,271.0,286.0,223.0,216.0,220.0,202.0,226.0,222.0,258.0,352.0,309.0,308.0,342.0,298.0,261.0,229.0,199.0,233.0,257.0,250.0,325.0,340.0,349.0,415.0,348.0,268.0,273.0,210.0,261.0,216.0,248.0,258.0,278.0,327.0,326.0,367.0,309.0,273.0,271.0,247.0,247.0,244.0,216.0,285.0,337.0,452.0,339.0,376.0,313.0,264.0,269.0,232.0,241.0,240.0,223.0,248.0,303.0,365.0,316.0,332.0,322.0,287.0,248.0,222.0,253.0,251.0,214.0,253.0,280.0
05,11.0,16.0,12.0,10.0,14.0,18.0,14.0,10.0,11.0,12.0,13.0,18.0,62.0,24.0,19.0,18.0,13.0,0.0,19.0,0.0,0.0,16.0,12.0,16.0,14.0,26.0,25.0,23.0,16.0,10.0,14.0,22.0,0.0,13.0,0.0,10.0,27.0,20.0,0.0,20.0,11.0,17.0,13.0,0.0,10.0,13.0,13.0,17.0,14.0,15.0,28.0,0.0,23.0,11.0,11.0,11.0,0.0,12.0,22.0,35.0,25.0,42.0,28.0,11.0,12.0,12.0,0.0,11.0,0.0,12.0,0.0,12.0,15.0,31.0,27.0,22.0,0.0,16.0,12.0,0.0,0.0,23.0,18.0,11.0,23.0,0.0,24.0,11.0,12.0,11.0,0.0,34.0,15.0,0.0,11.0,31.0,24.0,13.0,26.0,22.0,31.0,10.0,26.0,10.0,0.0,0.0,22.0,13.0,42.0,62.0,59.0,43.0,49.0,12.0,28.0,17.0,26.0,13.0,13.0,12.0,36.0,25.0,15.0,21.0,37.0,27.0,21.0,0.0,0.0,15.0,27.0,43.0,25.0,33.0,36.0,22.0,25.0,11.0,12.0,0.0,0.0,14.0,14.0,48.0,31.0,26.0,40.0,32.0,41.0,10.0,23.0,43.0,35.0,21.0,28.0,16.0,31.0,20.0,40.0,17.0,43.0,31.0,15.0,14.0,23.0,29.0,44.0,33.0,76.0,57.0,39.0,49.0,36.0,21.0,20.0,11.0,18.0,38.0,28.0,11.0,69.0,51.0,49.0,22.0,54.0,27.0,46.0,15.0,29.0,40.0,12.0,35.0,75.0,43.0,50.0,56.0,38.0,30.0,47.0,10.0,40.0,36.0,31.0,38.0,39.0,41.0,45.0,35.0,48.0,22.0,25.0,21.0,32.0,24.0,37.0,51.0,51.0,95.0,48.0,29.0,40.0,36.0,50.0,29.0,44.0,27.0,49.0,74.0,82.0,51.0,24.0,56.0,48.0,41.0,48.0,38.0,32.0,40.0,62.0,52.0,72.0,46.0,59.0,29.0,26.0,30.0,37.0,35.0,27.0,40.0,32.0,93.0
06,1316.0,1216.0,1226.0,1022.0,881.0,894.0,754.0,723.0,724.0,772.0,872.0,1539.0,1801.0,1034.0,1080.0,804.0,868.0,833.0,804.0,797.0,768.0,804.0,862.0,1051.0,1199.0,1141.0,1239.0,1094.0,1074.0,913.0,815.0,684.0,740.0,806.0,855.0,1083.0,1138.0,1198.0,1304.0,996.0,963.0,828.0,799.0,736.0,749.0,904.0,851.0,980.0,1130.0,1096.0,1227.0,1009.0,991.0,946.0,852.0,786.0,767.0,819.0,936.0,1514.0,1363.0,1185.0,1104.0,971.0,903.0,778.0,734.0,794.0,750.0,789.0,802.0,1038.0,1179.0,1102.0,1166.0,1010.0,1071.0,885.0,824.0,800.0,706.0,844.0,859.0,1391.0,1358.0,1124.0,1173.0,1029.0,941.0,828.0,899.0,766.0,755.0,813.0,897.0,941.0,1165.0,1161.0,1120.0,1010.0,991.0,806.0,793.0,767.0,736.0,821.0,882.0,966.0,1287.0,1506.0,1403.0,1130.0,977.0,832.0,873.0,796.0,719.0,799.0,851.0,960.0,1100.0,1066.0,1161.0,1025.0,1063.0,896.0,815.0,814.0,741.0,954.0,963.0,1071.0,1169.0,1076.0,1268.0,1086.0,1049.0,805.0,862.0,829.0,798.0,801.0,912.0,1027.0,1186.0,1216.0,1298.0,1027.0,1045.0,950.0,857.0,831.0,789.0,843.0,874.0,1110.0,1124.0,1131.0,1220.0,1079.0,966.0,853.0,838.0,797.0,776.0,787.0,914.0,1107.0,1435.0,1417.0,1191.0,1019.0,930.0,857.0,904.0,801.0,803.0,931.0,922.0,1042.0,1377.0,1077.0,1064.0,951.0,913.0,848.0,877.0,874.0,820.0,823.0,836.0,1039.0,1409.0,1256.0,1260.0,1062.0,1052.0,973.0,815.0,772.0,814.0,829.0,863.0,1124.0,1262.0,1218.0,1333.0,1073.0,1003.0,822.0,883.0,822.0,848.0,888.0,956.0,1153.0,1538.0,1215.0,1269.0,1117.0,1062.0,979.0,898.0,828.0,879.0,846.0,852.0,1235.0,1582.0,1188.0,1329.0,1060.0,964.0,862.0,871.0,813.0,796.0,841.0,882.0,1041.0,1167.0,1062.0,1203.0,1068.0,967.0,965.0,876.0,790.0,729.0,953.0,909.0,1040.0
08,127.0,154.0,143.0,118.0,72.0,67.0,84.0,91.0,62.0,80.0,77.0,111.0,142.0,97.0,132.0,99.0,105.0,88.0,65.0,72.0,59.0,87.0,88.0,118.0,90.0,76.0,142.0,121.0,92.0,99.0,61.0,59.0,58.0,108.0,105.0,119.0,117.0,132.0,136.0,94.0,87.0,76.0,84.0,59.0,56.0,101.0,92.0,85.0,85.0,88.0,111.0,135.0,106.0,83.0,79.0,67.0,88.0,115.0,74.0,160.0,134.0,133.0,146.0,98.0,94.0,73.0,69.0,63.0,95.0,85.0,98.0,98.0,130.0,148.0,138.0,95.0,132.0,93.0,66.0,63.0,48.0,70.0,81.0,117.0,125.0,148.0,141.0,106.0,110.0,75.0,60.0,66.0,84.0,91.0,81.0,117.0,139.0,104.0,164.0,129.0,109.0,66.0,82.0,95.0,103.0,113.0,107.0,103.0,126.0,182.0,195.0,128.0,126.0,105.0,65.0,79.0,69.0,108.0,119.0,133.0,111.0,100.0,156.0,108.0,123.0,107.0,83.0,76.0,94.0,100.0,114.0,121.0,136.0,128.0,145.0,104.0,154.0,121.0,129.0,114.0,108.0,109.0,86.0,137.0,131.0,143.0,124.0,151.0,165.0,143.0,81.0,83.0,110.0,107.0,100.0,137.0,135.0,140.0,159.0,136.0,109.0,93.0,100.0,91.0,104.0,113.0,119.0,155.0,199.0,168.0,134.0,106.0,157.0,97.0,119.0,124.0,106.0,125.0,115.0,147.0,182.0,155.0,149.0,137.0,135.0,131.0,98.0,142.0,140.0,140.0,123.0,192.0,200.0,156.0,175.0,180.0,150.0,152.0,124.0,122.0,147.0,114.0,157.0,170.0,174.0,174.0,180.0,163.0,190.0,108.0,116.0,140.0,131.0,139.0,154.0,174.0,210.0,177.0,213.0,156.0,172.0,101.0,152.0,127.0,136.0,140.0,130.0,200.0,222.0,197.0,182.0,201.0,169.0,142.0,122.0,123.0,118.0,137.0,164.0,147.0,151.0,155.0,209.0,183.0,142.0,154.0,120.0,120.0,100.0,150.0,148.0,146.0
09,143.0,130.0,145.0,90.0,101.0,78.0,81.0,72.0,73.0,90.0,75.0,105.0,191.0,121.0,100.0,87.0,96.0,85.0,94.0,91.0,88.0,107.0,92.0,104.0,135.0,103.0,115.0,108.0,96.0,115.0,93.0,92.0,66.0,87.0,93.0,118.0,146.0,127.0,119.0,93.0,95.0,87.0,80.0,85.0,91.0,88.0,82.0,131.0,116.0,90.0,115.0,101.0,99.0,93.0,98.0,87.0,60.0,105.0,95.0,170.0,154.0,88.0,91.0,107.0,66.0,90.0,80.0,80.0,78.0,92.0,87.0,135.0,177.0,132.0,137.0,106.0,97.0,82.0,74.0,84.0,66.0,94.0,73.0,117.0,103.0,109.0,159.0,118.0,110.0,95.0,85.0,74.0,62.0,109.0,83.0,96.0,104.0,127.0,148.0,98.0,103.0,76.0,56.0,57.0,80.0,85.0,71.0,104.0,130.0,132.0,134.0,141.0,96.0,72.0,82.0,77.0,98.0,106.0,81.0,111.0,122.0,91.0,149.0,121.0,98.0,77.0,114.0,91.0,72.0,101.0,94.0,107.0,98.0,90.0,141.0,84.0,96.0,82.0,75.0,67.0,72.0,74.0,61.0,95.0,134.0,119.0,115.0,98.0,104.0,79.0,92.0,81.0,57.0,85.0,109.0,96.0,128.0,91.0,104.0,109.0,107.0,92.0,90.0,71.0,77.0,80.0,96.0,109.0,165.0,103.0,126.0,93.0,84.0,67.0,64.0,75.0,75.0,71.0,86.0,82.0,102.0,88.0,107.0,121.0,95.0,85.0,92.0,80.0,74.0,95.0,94.0,94.0,115.0,102.0,141.0,106.0,87.0,86.0,86.0,69.0,71.0,77.0,75.0,81.0,99.0,122.0,121.0,132.0,100.0,80.0,78.0,71.0,63.0,75.0,98.0,130.0,122.0,120.0,123.0,127.0,114.0,102.0,89.0,64.0,94.0,96.0,78.0,100.0,133.0,99.0,109.0,117.0,111.0,83.0,80.0,80.0,81.0,85.0,101.0,86.0,130.0,105.0,116.0,121.0,104.0,109.0,82.0,67.0,81.0,59.0,60.0,98.0
10,39.0,44.0,26.0,15.0,16.0,20.0,0.0,12.0,11.0,23.0,10.0,13.0,29.0,17.0,15.0,19.0,14.0,24.0,15.0,14.0,17.0,12.0,31.0,17.0,22.0,14.0,26.0,11.0,17.0,11.0,15.0,14.0,12.0,14.0,10.0,17.0,36.0,37.0,30.0,16.0,26.0,14.0,15.0,19.0,11.0,11.0,21.0,23.0,21.0,23.0,20.0,10.0,16.0,22.0,10.0,10.0,16.0,14.0,20.0,12.0,51.0,17.0,35.0,14.0,11.0,13.0,14.0,10.0,18.0,14.0,21.0,19.0,35.0,53.0,37.0,27.0,12.0,16.0,10.0,21.0,20.0,20.0,24.0,32.0,26.0,17.0,30.0,16.0,21.0,17.0,17.0,23.0,12.0,24.0,10.0,12.0,21.0,21.0,22.0,29.0,31.0,12.0,14.0,11.0,13.0,28.0,29.0,10.0,36.0,35.0,48.0,41.0,16.0,21.0,17.0,31.0,30.0,26.0,45.0,33.0,47.0,29.0,30.0,42.0,38.0,37.0,19.0,21.0,16.0,25.0,18.0,28.0,31.0,36.0,32.0,30.0,41.0,17.0,23.0,18.0,28.0,44.0,19.0,39.0,54.0,32.0,46.0,49.0,33.0,21.0,34.0,21.0,16.0,20.0,19.0,32.0,32.0,31.0,33.0,12.0,33.0,13.0,20.0,17.0,24.0,31.0,28.0,37.0,44.0,42.0,54.0,32.0,40.0,24.0,27.0,32.0,25.0,34.0,19.0,51.0,37.0,48.0,30.0,49.0,35.0,40.0,20.0,16.0,13.0,33.0,29.0,28.0,56.0,38.0,35.0,46.0,45.0,31.0,28.0,23.0,15.0,40.0,26.0,65.0,69.0,30.0,45.0,48.0,45.0,29.0,39.0,26.0,39.0,24.0,26.0,43.0,47.0,36.0,36.0,50.0,50.0,15.0,29.0,30.0,28.0,39.0,51.0,41.0,27.0,40.0,52.0,52.0,30.0,36.0,36.0,41.0,30.0,47.0,48.0,20.0,54.0,34.0,41.0,21.0,34.0,33.0,37.0,33.0,38.0,42.0,19.0,18.0
11,15.0,12.0,21.0,20.0,10.0,14.0,16.0,0.0,13.0,10.0,12.0,15.0,28.0,18.0,13.0,11.0,15.0,18.0,12.0,14.0,16.0,0.0,10.0,11.0,16.0,16.0,0.0,19.0,14.0,15.0,15.0,11.0,10.0,0.0,0.0,14.0,15.0,14.0,0.0,19.0,12.0,0.0,12.0,11.0,10.0,0.0,10.0,0.0,15.0,18.0,11.0,0.0,13.0,11.0,0.0,18.0,0.0,0.0,0.0,13.0,18.0,12.0,20.0,0.0,22.0,0.0,12.0,14.0,0.0,16.0,15.0,13.0,0.0,13.0,16.0,18.0,0.0,12.0,15.0,0.0,0.0,0.0,16.0,0.0,16.0,0.0,12.0,15.0,14.0,0.0,0.0,13.0,0.0,12.0,0.0,0.0,11.0,0.0,15.0,12.0,0.0,10.0,15.0,15.0,12.0,0.0,10.0,0.0,20.0,11.0,16.0,14.0,0.0,11.0,0.0,0.0,12.0,0.0,13.0,12.0,12.0,12.0,18.0,11.0,12.0,0.0,13.0,0.0,0.0,0.0,14.0,12.0,11.0,12.0,0.0,11.0,15.0,14.0,0.0,17.0,16.0,12.0,11.0,12.0,15.0,12.0,16.0,15.0,16.0,14.0,0.0,0.0,13.0,12.0,10.0,15.0,18.0,12.0,0.0,11.0,0.0,0.0,11.0,0.0,20.0,0.0,14.0,15.0,16.0,14.0,14.0,16.0,10.0,14.0,0.0,14.0,0.0,10.0,12.0,15.0,0.0,14.0,13.0,12.0,15.0,12.0,13.0,0.0,0.0,13.0,0.0,11.0,20.0,0.0,11.0,10.0,18.0,20.0,11.0,11.0,10.0,0.0,10.0,10.0,17.0,23.0,21.0,0.0,10.0,0.0,0.0,0.0,15.0,15.0,10.0,15.0,18.0,0.0,10.0,12.0,13.0,12.0,12.0,12.0,14.0,12.0,0.0,0.0,16.0,14.0,11.0,12.0,18.0,10.0,14.0,14.0,10.0,0.0,10.0,17.0,11.0,0.0,13.0,12.0,0.0,11.0,11.0,12.0,0.0,14.0,15.0,14.0
12,793.0,791.0,861.0,669.0,663.0,452.0,513.0,503.0,491.0,583.0,547.0,790.0,888.0,681.0,635.0,621.0,564.0,510.0,518.0,473.0,482.0,542.0,518.0,661.0,850.0,694.0,637.0,722.0,603.0,556.0,483.0,495.0,509.0,536.0,647.0,699.0,846.0,746.0,797.0,649.0,588.0,567.0,590.0,544.0,486.0,539.0,572.0,697.0,817.0,698.0,736.0,712.0,647.0,544.0,526.0,566.0,549.0,522.0,568.0,836.0,931.0,649.0,726.0,711.0,591.0,557.0,516.0,485.0,566.0,568.0,495.0,635.0,780.0,798.0,890.0,834.0,667.0,639.0,589.0,570.0,536.0,514.0,572.0,638.0,742.0,773.0,775.0,654.0,645.0,556.0,575.0,485.0,485.0,569.0,556.0,696.0,787.0,712.0,797.0,778.0,644.0,595.0,568.0,576.0,584.0,564.0,632.0,729.0,850.0,789.0,890.0,862.0,731.0,636.0,563.0,623.0,583.0,579.0,727.0,818.0,813.0,785.0,929.0,809.0,749.0,726.0,636.0,557.0,652.0,698.0,690.0,742.0,897.0,808.0,960.0,753.0,820.0,688.0,693.0,668.0,562.0,628.0,688.0,843.0,983.0,835.0,921.0,752.0,817.0,689.0,665.0,647.0,603.0,627.0,601.0,760.0,867.0,762.0,838.0,716.0,800.0,695.0,773.0,735.0,699.0,663.0,815.0,921.0,1000.0,883.0,1027.0,961.0,853.0,833.0,710.0,744.0,676.0,753.0,754.0,912.0,949.0,867.0,862.0,826.0,819.0,795.0,717.0,733.0,650.0,775.0,808.0,984.0,1128.0,970.0,965.0,1013.0,880.0,785.0,776.0,695.0,692.0,782.0,801.0,854.0,974.0,962.0,1153.0,917.0,915.0,805.0,837.0,752.0,721.0,796.0,881.0,935.0,1058.0,1031.0,1142.0,970.0,934.0,865.0,843.0,871.0,866.0,882.0,810.0,1005.0,1244.0,1044.0,1086.0,978.0,917.0,913.0,840.0,799.0,771.0,793.0,733.0,922.0,993.0,897.0,1006.0,938.0,925.0,862.0,858.0,763.0,746.0,823.0,797.0,1015.0
13,120.0,68.0,87.0,81.0,63.0,24.0,37.0,68.0,23.0,47.0,49.0,100.0,147.0,99.0,69.0,48.0,46.0,53.0,37.0,29.0,57.0,11.0,41.0,87.0,101.0,46.0,115.0,82.0,50.0,59.0,47.0,51.0,62.0,51.0,44.0,35.0,66.0,102.0,85.0,43.0,70.0,50.0,89.0,14.0,24.0,40.0,55.0,79.0,110.0,72.0,77.0,71.0,58.0,74.0,46.0,27.0,59.0,52.0,77.0,104.0,79.0,59.0,53.0,61.0,29.0,31.0,53.0,22.0,28.0,24.0,24.0,75.0,89.0,107.0,88.0,38.0,51.0,54.0,38.0,63.0,41.0,41.0,73.0,78.0,81.0,59.0,93.0,43.0,63.0,24.0,56.0,37.0,40.0,35.0,49.0,101.0,64.0,75.0,118.0,29.0,73.0,51.0,54.0,35.0,41.0,26.0,35.0,94.0,70.0,114.0,75.0,64.0,26.0,65.0,43.0,40.0,71.0,44.0,63.0,54.0,94.0,63.0,96.0,53.0,72.0,38.0,72.0,22.0,65.0,40.0,55.0,84.0,121.0,57.0,60.0,63.0,64.0,83.0,69.0,57.0,96.0,87.0,75.0,132.0,116.0,89.0,84.0,76.0,82.0,66.0,40.0,42.0,33.0,45.0,77.0,64.0,95.0,66.0,65.0,97.0,63.0,48.0,50.0,107.0,39.0,76.0,110.0,111.0,110.0,92.0,85.0,91.0,76.0,67.0,70.0,53.0,57.0,51.0,45.0,102.0,118.0,101.0,94.0,95.0,89.0,90.0,27.0,76.0,62.0,94.0,80.0,144.0,146.0,127.0,128.0,113.0,90.0,83.0,93.0,63.0,60.0,91.0,94.0,130.0,134.0,93.0,198.0,94.0,96.0,69.0,101.0,132.0,90.0,97.0,79.0,186.0,156.0,143.0,145.0,137.0,94.0,100.0,73.0,96.0,62.0,131.0,91.0,137.0,206.0,195.0,133.0,65.0,112.0,93.0,67.0,71.0,69.0,101.0,81.0,108.0,144.0,140.0,116.0,131.0,116.0,65.0,73.0,61.0,80.0,57.0,106.0,105.0
16,0.0,0.0,10.0,0.0,10.0,13.0,13.0,0.0,0.0,14.0,10.0,23.0,13.0,15.0,14.0,18.0,0.0,0.0,0.0,10.0,10.0,0.0,0.0,10.0,13.0,10.0,10.0,0.0,0.0,10.0,0.0,0.0,0.0,10.0,11.0,0.0,0.0,26.0,14.0,10.0,11.0,11.0,0.0,0.0,0.0,0.0,0.0,0.0,0.0,0.0,0.0,13.0,11.0,13.0,0.0,0.0,0.0,0.0,26.0,0.0,13.0,0.0,0.0,11.0,11.0,11.0,11.0,0.0,11.0,0.0,0.0,0.0,26.0,39.0,41.0,14.0,0.0,0.0,0.0,0.0,0.0,0.0,12.0,10.0,14.0,0.0,29.0,0.0,12.0,0.0,0.0,15.0,0.0,10.0,0.0,14.0,18.0,13.0,13.0,20.0,12.0,0.0,0.0,11.0,0.0,10.0,11.0,24.0,15.0,11.0,37.0,19.0,12.0,18.0,12.0,14.0,11.0,10.0,0.0,26.0,26.0,12.0,25.0,15.0,0.0,10.0,16.0,11.0,10.0,10.0,14.0,18.0,35.0,27.0,25.0,0.0,13.0,23.0,12.0,14.0,0.0,14.0,12.0,11.0,35.0,29.0,30.0,31.0,12.0,27.0,28.0,26.0,22.0,10.0,12.0,15.0,10.0,14.0,29.0,10.0,11.0,0.0,27.0,10.0,0.0,0.0,12.0,13.0,14.0,13.0,26.0,14.0,11.0,0.0,11.0,21.0,12.0,13.0,25.0,35.0,34.0,16.0,17.0,22.0,29.0,15.0,0.0,15.0,13.0,17.0,17.0,26.0,34.0,21.0,16.0,25.0,12.0,14.0,24.0,12.0,21.0,11.0,13.0,10.0,31.0,11.0,35.0,24.0,25.0,14.0,12.0,28.0,25.0,16.0,13.0,18.0,33.0,30.0,26.0,22.0,26.0,21.0,13.0,24.0,19.0,22.0,21.0,14.0,36.0,36.0,31.0,25.0,39.0,26.0,30.0,0.0,27.0,27.0,22.0,23.0,43.0,58.0,30.0,32.0,22.0,41.0,27.0,14.0,37.0,35.0,25.0,12.0
17,328.0,366.0,395.0,252.0,212.0,223.0,196.0,151.0,182.0,212.0,199.0,366.0,458.0,262.0,232.0,182.0,197.0,182.0,193.0,182.0,195.0,202.0,227.0,246.0,255.0,248.0,310.0,272.0,238.0,205.0,190.0,183.0,217.0,224.0,200.0,235.0,263.0,306.0,352.0,274.0,204.0,195.0,189.0,222.0,194.0,167.0,226.0,242.0,254.0,286.0,252.0,275.0,228.0,227.0,180.0,159.0,185.0,222.0,185.0,356.0,389.0,210.0,252.0,220.0,201.0,230.0,180.0,159.0,185.0,189.0,187.0,226.0,312.0,360.0,347.0,293.0,260.0,187.0,226.0,176.0,209.0,230.0,189.0,230.0,279.0,261.0,275.0,235.0,227.0,178.0,211.0,183.0,178.0,197.0,240.0,259.0,251.0,260.0,259.0,278.0,202.0,200.0,171.0,155.0,182.0,206.0,243.0,277.0,321.0,366.0,395.0,311.0,270.0,234.0,188.0,210.0,222.0,251.0,281.0,261.0,326.0,277.0,284.0,260.0,294.0,245.0,264.0,208.0,236.0,268.0,276.0,307.0,288.0,315.0,297.0,210.0,275.0,286.0,234.0,228.0,195.0,253.0,236.0,292.0,377.0,288.0,352.0,274.0,296.0,228.0,229.0,200.0,233.0,255.0,276.0,274.0,286.0,286.0,354.0,265.0,262.0,227.0,216.0,234.0,247.0,244.0,238.0,297.0,438.0,268.0,343.0,254.0,260.0,249.0,235.0,255.0,206.0,245.0,216.0,305.0,359.0,246.0,287.0,275.0,280.0,245.0,241.0,236.0,238.0,276.0,307.0,429.0,370.0,268.0,335.0,328.0,285.0,231.0,212.0,241.0,221.0,251.0,280.0,263.0,315.0,304.0,350.0,269.0,279.0,241.0,259.0,203.0,245.0,231.0,258.0,278.0,368.0,359.0,375.0,297.0,263.0,258.0,230.0,222.0,214.0,254.0,253.0,314.0,380.0,295.0,319.0,319.0,270.0,226.0,250.0,219.0,224.0,266.0,207.0,293.0,284.0,293.0,351.0,305.0,285.0,244.0,233.0,219.0,220.0,269.0,263.0,296.0
18,155.0,132.0,174.0,89.0,93.0,72.0,61.0,72.0,51.0,82.0,78.0,122.0,145.0,115.0,112.0,67.0,49.0,78.0,79.0,54.0,57.0,68.0,81.0,108.0,86.0,81.0,108.0,117.0,87.0,90.0,62.0,70.0,49.0,74.0,121.0,76.0,104.0,119.0,122.0,98.0,95.0,85.0,66.0,85.0,80.0,73.0,61.0,88.0,92.0,120.0,125.0,104.0,123.0,82.0,64.0,78.0,79.0,97.0,84.0,161.0,159.0,125.0,108.0,92.0,91.0,70.0,61.0,79.0,66.0,92.0,60.0,119.0,96.0,173.0,174.0,142.0,105.0,70.0,74.0,65.0,65.0,86.0,95.0,93.0,125.0,139.0,164.0,80.0,71.0,67.0,72.0,70.0,65.0,91.0,113.0,91.0,138.0,104.0,115.0,96.0,87.0,64.0,53.0,72.0,70.0,89.0,111.0,100.0,129.0,181.0,184.0,143.0,124.0,83.0,106.0,51.0,100.0,81.0,119.0,155.0,166.0,110.0,147.0,97.0,135.0,93.0,70.0,104.0,86.0,117.0,72.0,100.0,139.0,108.0,166.0,123.0,82.0,118.0,127.0,78.0,104.0,92.0,84.0,164.0,172.0,186.0,207.0,168.0,147.0,123.0,104.0,114.0,95.0,151.0,137.0,116.0,187.0,118.0,156.0,110.0,146.0,109.0,113.0,60.0,114.0,115.0,93.0,144.0,251.0,190.0,178.0,144.0,134.0,109.0,120.0,81.0,149.0,127.0,124.0,139.0,196.0,129.0,155.0,144.0,115.0,97.0,120.0,89.0,89.0,105.0,152.0,186.0,244.0,142.0,232.0,155.0,137.0,99.0,151.0,92.0,115.0,123.0,108.0,130.0,178.0,141.0,208.0,175.0,157.0,71.0,142.0,150.0,151.0,114.0,122.0,180.0,213.0,154.0,190.0,165.0,161.0,143.0,109.0,112.0,105.0,120.0,141.0,189.0,248.0,181.0,204.0,189.0,159.0,208.0,93.0,138.0,144.0,107.0,121.0,189.0,222.0,206.0,176.0,148.0,154.0,138.0,137.0,149.0,144.0,154.0,171.0,205.0
19,49.0,34.0,33.0,28.0,22.0,0.0,18.0,0.0,0.0,20.0,11.0,30.0,51.0,13.0,20.0,14.0,29.0,11.0,22.0,0.0,13.0,23.0,10.0,10.0,31.0,37.0,26.0,47.0,25.0,13.0,10.0,10.0,10.0,24.0,15.0,13.0,22.0,13.0,33.0,16.0,10.0,12.0,19.0,10.0,10.0,0.0,11.0,14.0,27.0,35.0,51.0,13.0,30.0,21.0,22.0,33.0,0.0,18.0,12.0,39.0,70.0,33.0,23.0,0.0,30.0,12.0,11.0,14.0,0.0,0.0,30.0,23.0,11.0,47.0,48.0,45.0,37.0,0.0,15.0,15.0,13.0,26.0,34.0,28.0,33.0,13.0,58.0,48.0,41.0,15.0,25.0,23.0,38.0,40.0,34.0,33.0,60.0,25.0,47.0,15.0,27.0,18.0,12.0,15.0,19.0,18.0,16.0,27.0,25.0,51.0,37.0,35.0,47.0,10.0,27.0,15.0,18.0,29.0,17.0,44.0,40.0,61.0,25.0,47.0,39.0,23.0,16.0,14.0,19.0,48.0,42.0,23.0,31.0,25.0,48.0,34.0,27.0,18.0,0.0,16.0,29.0,24.0,33.0,21.0,36.0,22.0,55.0,41.0,32.0,36.0,34.0,33.0,20.0,20.0,46.0,21.0,38.0,39.0,65.0,23.0,16.0,24.0,17.0,25.0,34.0,26.0,28.0,43.0,45.0,32.0,29.0,29.0,35.0,19.0,27.0,18.0,23.0,25.0,39.0,75.0,20.0,44.0,62.0,31.0,19.0,27.0,34.0,30.0,25.0,13.0,30.0,69.0,62.0,46.0,51.0,44.0,53.0,29.0,26.0,38.0,20.0,30.0,32.0,20.0,42.0,28.0,83.0,59.0,45.0,33.0,21.0,26.0,30.0,28.0,53.0,37.0,79.0,40.0,58.0,40.0,35.0,46.0,11.0,36.0,25.0,29.0,10.0,47.0,65.0,39.0,29.0,62.0,28.0,31.0,26.0,27.0,11.0,29.0,28.0,36.0,40.0,48.0,24.0,18.0,45.0,17.0,20.0,25.0,22.0,40.0,31.0,44.0
20,38.0,44.0,61.0,64.0,34.0,11.0,37.0,10.0,16.0,23.0,32.0,53.0,76.0,49.0,42.0,43.0,31.0,17.0,43.0,20.0,25.0,31.0,45.0,42.0,48.0,42.0,64.0,48.0,32.0,0.0,37.0,29.0,38.0,49.0,14.0,42.0,36.0,41.0,42.0,38.0,37.0,24.0,27.0,44.0,33.0,24.0,18.0,31.0,56.0,41.0,41.0,38.0,44.0,16.0,41.0,43.0,33.0,41.0,30.0,57.0,52.0,28.0,38.0,44.0,25.0,34.0,29.0,17.0,18.0,41.0,20.0,44.0,46.0,75.0,73.0,44.0,50.0,39.0,25.0,29.0,22.0,38.0,38.0,53.0,55.0,50.0,55.0,52.0,43.0,43.0,37.0,16.0,40.0,28.0,26.0,44.0,51.0,42.0,59.0,30.0,34.0,37.0,47.0,29.0,38.0,0.0,47.0,42.0,71.0,53.0,86.0,42.0,48.0,57.0,27.0,21.0,38.0,30.0,42.0,58.0,46.0,46.0,64.0,33.0,53.0,33.0,52.0,39.0,38.0,36.0,31.0,38.0,45.0,41.0,57.0,50.0,43.0,44.0,28.0,49.0,31.0,45.0,33.0,37.0,42.0,70.0,71.0,53.0,46.0,60.0,44.0,28.0,40.0,43.0,38.0,43.0,70.0,52.0,57.0,42.0,53.0,48.0,33.0,26.0,48.0,43.0,45.0,45.0,94.0,44.0,70.0,56.0,50.0,53.0,40.0,28.0,20.0,55.0,38.0,54.0,49.0,55.0,67.0,51.0,55.0,48.0,53.0,32.0,43.0,46.0,50.0,52.0,60.0,69.0,55.0,61.0,58.0,60.0,34.0,13.0,43.0,41.0,75.0,61.0,60.0,37.0,67.0,33.0,38.0,40.0,38.0,40.0,35.0,50.0,24.0,70.0,69.0,67.0,70.0,49.0,43.0,55.0,47.0,49.0,51.0,69.0,43.0,51.0,57.0,55.0,72.0,70.0,65.0,36.0,48.0,47.0,46.0,70.0,64.0,51.0,67.0,59.0,62.0,43.0,43.0,51.0,53.0,53.0,57.0,50.0,29.0,80.0
21,75.0,70.0,93.0,47.0,36.0,45.0,26.0,36.0,26.0,27.0,37.0,59.0,78.0,59.0,51.0,49.0,30.0,30.0,26.0,37.0,31.0,34.0,33.0,63.0,52.0,26.0,40.0,61.0,39.0,49.0,24.0,26.0,27.0,54.0,45.0,36.0,54.0,58.0,61.0,51.0,63.0,34.0,40.0,24.0,27.0,26.0,50.0,34.0,20.0,40.0,37.0,32.0,41.0,51.0,29.0,32.0,38.0,52.0,42.0,112.0,62.0,42.0,48.0,33.0,31.0,24.0,28.0,28.0,37.0,33.0,43.0,31.0,51.0,50.0,110.0,44.0,35.0,41.0,32.0,36.0,25.0,35.0,37.0,39.0,40.0,36.0,58.0,42.0,43.0,42.0,52.0,30.0,43.0,27.0,41.0,49.0,58.0,55.0,49.0,38.0,48.0,44.0,37.0,32.0,33.0,39.0,56.0,47.0,48.0,47.0,73.0,52.0,57.0,49.0,44.0,40.0,49.0,46.0,66.0,62.0,49.0,50.0,60.0,56.0,50.0,47.0,50.0,34.0,28.0,63.0,59.0,36.0,60.0,51.0,41.0,58.0,29.0,51.0,46.0,29.0,33.0,43.0,42.0,40.0,64.0,80.0,67.0,38.0,62.0,41.0,35.0,48.0,41.0,42.0,54.0,53.0,36.0,65.0,75.0,73.0,52.0,39.0,56.0,52.0,25.0,45.0,38.0,94.0,86.0,73.0,68.0,48.0,59.0,18.0,50.0,58.0,39.0,68.0,38.0,48.0,76.0,40.0,56.0,42.0,43.0,66.0,44.0,30.0,40.0,44.0,39.0,73.0,105.0,81.0,58.0,85.0,42.0,30.0,63.0,39.0,40.0,62.0,41.0,64.0,93.0,72.0,67.0,71.0,67.0,50.0,57.0,35.0,52.0,71.0,70.0,71.0,92.0,74.0,58.0,74.0,63.0,37.0,50.0,49.0,43.0,47.0,73.0,70.0,130.0,50.0,49.0,61.0,58.0,47.0,64.0,46.0,40.0,36.0,53.0,52.0,81.0,62.0,58.0,83.0,44.0,45.0,48.0,50.0,65.0,45.0,51.0,76.0
22,72.0,70.0,61.0,46.0,15.0,14.0,22.0,11.0,26.0,29.0,29.0,70.0,103.0,56.0,29.0,33.0,31.0,34.0,37.0,23.0,11.0,41.0,24.0,50.0,96.0,47.0,65.0,68.0,74.0,30.0,46.0,26.0,22.0,48.0,38.0,27.0,60.0,86.0,71.0,40.0,21.0,43.0,49.0,68.0,21.0,37.0,30.0,62.0,57.0,52.0,43.0,26.0,51.0,12.0,26.0,44.0,38.0,42.0,86.0,65.0,71.0,34.0,46.0,42.0,23.0,32.0,49.0,53.0,11.0,37.0,23.0,45.0,97.0,102.0,69.0,69.0,46.0,58.0,37.0,52.0,49.0,42.0,35.0,56.0,62.0,70.0,62.0,49.0,30.0,38.0,22.0,22.0,14.0,42.0,29.0,41.0,49.0,57.0,58.0,38.0,10.0,34.0,10.0,0.0,28.0,32.0,20.0,52.0,69.0,76.0,80.0,45.0,33.0,35.0,41.0,15.0,35.0,42.0,38.0,84.0,101.0,59.0,51.0,65.0,55.0,21.0,28.0,39.0,10.0,24.0,40.0,46.0,90.0,78.0,56.0,56.0,23.0,16.0,27.0,37.0,38.0,28.0,46.0,76.0,106.0,70.0,61.0,40.0,38.0,40.0,54.0,48.0,23.0,40.0,26.0,66.0,68.0,30.0,46.0,75.0,65.0,33.0,46.0,47.0,49.0,73.0,70.0,77.0,139.0,66.0,89.0,91.0,90.0,63.0,48.0,43.0,60.0,52.0,55.0,51.0,109.0,64.0,59.0,42.0,68.0,27.0,65.0,49.0,34.0,62.0,49.0,118.0,98.0,101.0,78.0,46.0,88.0,71.0,61.0,66.0,50.0,36.0,56.0,71.0,67.0,56.0,72.0,50.0,74.0,65.0,41.0,70.0,46.0,71.0,37.0,63.0,104.0,99.0,92.0,124.0,76.0,67.0,28.0,66.0,47.0,46.0,73.0,80.0,159.0,57.0,64.0,101.0,63.0,24.0,38.0,39.0,43.0,35.0,71.0,75.0,36.0,44.0,78.0,57.0,36.0,36.0,44.0,42.0,51.0,35.0,47.0,67.0
23,21.0,57.0,26.0,14.0,12.0,25.0,0.0,0.0,0.0,14.0,29.0,11.0,50.0,27.0,39.0,14.0,52.0,15.0,0.0,0.0,0.0,12.0,0.0,13.0,37.0,23.0,39.0,37.0,22.0,22.0,20.0,11.0,0.0,10.0,0.0,20.0,26.0,23.0,55.0,22.0,27.0,0.0,11.0,0.0,0.0,32.0,18.0,10.0,28.0,27.0,0.0,30.0,10.0,20.0,0.0,11.0,10.0,23.0,26.0,19.0,74.0,17.0,43.0,23.0,10.0,12.0,0.0,12.0,0.0,25.0,12.0,0.0,70.0,28.0,20.0,25.0,23.0,22.0,13.0,0.0,10.0,15.0,11.0,14.0,51.0,0.0,24.0,30.0,27.0,21.0,23.0,0.0,0.0,21.0,20.0,11.0,0.0,10.0,18.0,23.0,0.0,0.0,0.0,21.0,11.0,10.0,10.0,13.0,21.0,35.0,73.0,21.0,12.0,10.0,24.0,10.0,0.0,11.0,13.0,11.0,35.0,42.0,54.0,14.0,17.0,10.0,10.0,14.0,14.0,29.0,12.0,11.0,25.0,47.0,50.0,28.0,23.0,35.0,0.0,0.0,0.0,24.0,0.0,39.0,27.0,20.0,39.0,24.0,21.0,34.0,22.0,0.0,11.0,24.0,23.0,21.0,14.0,12.0,31.0,72.0,10.0,21.0,10.0,0.0,10.0,26.0,21.0,12.0,84.0,57.0,39.0,17.0,36.0,35.0,12.0,12.0,10.0,0.0,10.0,34.0,23.0,26.0,37.0,13.0,25.0,0.0,24.0,24.0,24.0,36.0,27.0,35.0,53.0,43.0,78.0,69.0,42.0,33.0,12.0,36.0,0.0,14.0,23.0,40.0,40.0,13.0,46.0,48.0,39.0,31.0,37.0,23.0,11.0,26.0,36.0,42.0,14.0,47.0,67.0,29.0,44.0,15.0,28.0,33.0,12.0,14.0,32.0,39.0,53.0,41.0,26.0,41.0,48.0,16.0,22.0,37.0,25.0,27.0,24.0,15.0,40.0,48.0,67.0,30.0,46.0,37.0,35.0,16.0,36.0,13.0,10.0,33.0
24,99.0,160.0,176.0,124.0,100.0,92.0,77.0,82.0,107.0,69.0,106.0,102.0,184.0,113.0,99.0,96.0,66.0,106.0,74.0,84.0,74.0,95.0,102.0,112.0,141.0,156.0,85.0,103.0,103.0,104.0,75.0,92.0,80.0,74.0,116.0,91.0,174.0,142.0,120.0,116.0,91.0,92.0,99.0,85.0,58.0,90.0,96.0,107.0,122.0,109.0,104.0,99.0,106.0,95.0,101.0,89.0,91.0,103.0,98.0,176.0,201.0,96.0,92.0,106.0,98.0,78.0,92.0,87.0,88.0,86.0,79.0,120.0,160.0,166.0,189.0,121.0,91.0,84.0,94.0,76.0,51.0,80.0,56.0,103.0,93.0,107.0,177.0,95.0,80.0,74.0,91.0,70.0,54.0,90.0,113.0,98.0,165.0,94.0,122.0,103.0,98.0,109.0,85.0,82.0,77.0,80.0,84.0,115.0,150.0,142.0,152.0,101.0,107.0,89.0,56.0,73.0,77.0,102.0,98.0,142.0,109.0,122.0,123.0,148.0,87.0,109.0,84.0,97.0,91.0,126.0,122.0,103.0,121.0,118.0,147.0,104.0,126.0,87.0,99.0,91.0,81.0,117.0,101.0,109.0,124.0,151.0,141.0,106.0,95.0,91.0,88.0,114.0,71.0,89.0,116.0,106.0,98.0,121.0,130.0,112.0,110.0,103.0,101.0,88.0,79.0,94.0,94.0,143.0,238.0,106.0,132.0,141.0,114.0,102.0,97.0,84.0,80.0,73.0,85.0,107.0,130.0,107.0,120.0,87.0,95.0,79.0,99.0,87.0,76.0,77.0,57.0,164.0,177.0,125.0,132.0,87.0,111.0,88.0,90.0,81.0,88.0,110.0,101.0,129.0,153.0,127.0,115.0,122.0,95.0,108.0,127.0,103.0,112.0,120.0,117.0,122.0,157.0,140.0,167.0,114.0,127.0,83.0,74.0,102.0,97.0,85.0,95.0,132.0,194.0,146.0,155.0,158.0,124.0,122.0,120.0,86.0,80.0,84.0,100.0,130.0,170.0,131.0,167.0,118.0,113.0,103.0,99.0,84.0,84.0,102.0,106.0,148.0
25,285.0,332.0,303.0,217.0,189.0,163.0,199.0,163.0,168.0,192.0,201.0,241.0,337.0,282.0,271.0,193.0,236.0,200.0,194.0,187.0,183.0,184.0,224.0,247.0,287.0,255.0,268.0,256.0,221.0,187.0,178.0,174.0,176.0,204.0,173.0,212.0,231.0,307.0,264.0,235.0,195.0,189.0,193.0,168.0,197.0,197.0,173.0,212.0,276.0,231.0,239.0,211.0,199.0,211.0,188.0,193.0,197.0,167.0,193.0,287.0,352.0,242.0,213.0,201.0,169.0,183.0,158.0,143.0,168.0,166.0,144.0,233.0,323.0,265.0,286.0,228.0,195.0,150.0,152.0,156.0,162.0,156.0,182.0,200.0,209.0,197.0,297.0,229.0,196.0,191.0,190.0,123.0,160.0,164.0,192.0,185.0,195.0,192.0,214.0,188.0,189.0,156.0,166.0,143.0,119.0,163.0,180.0,206.0,244.0,253.0,238.0,213.0,201.0,170.0,165.0,176.0,158.0,215.0,186.0,182.0,232.0,222.0,240.0,256.0,177.0,159.0,163.0,184.0,113.0,185.0,188.0,222.0,190.0,192.0,225.0,188.0,176.0,174.0,184.0,178.0,143.0,190.0,175.0,188.0,245.0,220.0,259.0,207.0,238.0,207.0,162.0,165.0,149.0,184.0,213.0,206.0,219.0,193.0,206.0,198.0,202.0,145.0,175.0,189.0,160.0,173.0,170.0,243.0,341.0,211.0,215.0,199.0,189.0,211.0,198.0,138.0,132.0,159.0,176.0,193.0,233.0,220.0,245.0,221.0,197.0,170.0,180.0,156.0,140.0,193.0,188.0,230.0,282.0,240.0,279.0,285.0,223.0,165.0,182.0,140.0,144.0,207.0,173.0,201.0,236.0,228.0,260.0,232.0,208.0,181.0,195.0,181.0,155.0,184.0,166.0,235.0,301.0,231.0,255.0,241.0,216.0,219.0,203.0,174.0,164.0,205.0,189.0,246.0,292.0,231.0,240.0,227.0,229.0,182.0,189.0,169.0,166.0,201.0,191.0,213.0,298.0,238.0,258.0,224.0,228.0,219.0,194.0,183.0,187.0,210.0,205.0,229.0
26,237.0,261.0,300.0,224.0,161.0,159.0,160.0,152.0,164.0,188.0,170.0,242.0,375.0,188.0,213.0,164.0,181.0,174.0,179.0,156.0,159.0,164.0,167.0,253.0,228.0,162.0,248.0,230.0,178.0,199.0,163.0,145.0,108.0,202.0,159.0,166.0,202.0,215.0,282.0,232.0,210.0,189.0,162.0,150.0,146.0,167.0,200.0,231.0,219.0,220.0,202.0,169.0,176.0,188.0,183.0,194.0,166.0,178.0,181.0,268.0,323.0,192.0,205.0,205.0,204.0,178.0,138.0,118.0,130.0,168.0,136.0,238.0,290.0,285.0,287.0,249.0,178.0,198.0,187.0,150.0,124.0,156.0,189.0,180.0,223.0,182.0,244.0,258.0,202.0,178.0,169.0,168.0,180.0,159.0,211.0,229.0,280.0,207.0,273.0,238.0,201.0,170.0,169.0,193.0,156.0,201.0,201.0,227.0,269.0,347.0,363.0,268.0,275.0,221.0,215.0,231.0,208.0,215.0,226.0,207.0,293.0,236.0,246.0,239.0,249.0,205.0,145.0,196.0,195.0,257.0,245.0,229.0,305.0,276.0,264.0,240.0,236.0,223.0,199.0,195.0,184.0,266.0,205.0,276.0,268.0,232.0,344.0,323.0,282.0,266.0,193.0,202.0,163.0,225.0,204.0,219.0,207.0,256.0,359.0,258.0,241.0,288.0,213.0,168.0,179.0,246.0,195.0,304.0,396.0,383.0,326.0,274.0,267.0,248.0,166.0,167.0,205.0,216.0,201.0,245.0,349.0,220.0,306.0,236.0,267.0,244.0,216.0,218.0,234.0,272.0,238.0,366.0,391.0,311.0,377.0,400.0,340.0,270.0,269.0,241.0,237.0,205.0,254.0,316.0,303.0,334.0,310.0,314.0,247.0,227.0,254.0,216.0,261.0,241.0,212.0,304.0,337.0,305.0,357.0,335.0,330.0,230.0,226.0,214.0,194.0,197.0,272.0,320.0,429.0,287.0,355.0,308.0,255.0,241.0,248.0,200.0,189.0,259.0,253.0,293.0,311.0,281.0,312.0,314.0,288.0,268.0,242.0,224.0,289.0,291.0,252.0,302.0
27,75.0,89.0,99.0,78.0,66.0,54.0,44.0,42.0,49.0,54.0,63.0,120.0,87.0,73.0,51.0,79.0,61.0,45.0,46.0,49.0,58.0,58.0,51.0,65.0,57.0,71.0,97.0,75.0,53.0,73.0,40.0,74.0,44.0,67.0,61.0,68.0,78.0,70.0,76.0,48.0,76.0,47.0,42.0,64.0,45.0,64.0,48.0,78.0,84.0,66.0,70.0,37.0,37.0,78.0,33.0,32.0,49.0,62.0,64.0,46.0,110.0,60.0,44.0,59.0,55.0,59.0,64.0,33.0,53.0,31.0,33.0,63.0,97.0,77.0,71.0,69.0,43.0,60.0,21.0,47.0,40.0,47.0,42.0,63.0,54.0,48.0,70.0,47.0,60.0,30.0,52.0,26.0,49.0,55.0,28.0,71.0,69.0,57.0,57.0,45.0,46.0,50.0,50.0,45.0,54.0,59.0,40.0,49.0,84.0,65.0,113.0,77.0,63.0,60.0,39.0,37.0,41.0,78.0,53.0,80.0,61.0,67.0,71.0,71.0,47.0,38.0,55.0,59.0,46.0,60.0,66.0,58.0,74.0,58.0,88.0,63.0,62.0,37.0,61.0,68.0,85.0,81.0,43.0,94.0,84.0,77.0,66.0,83.0,75.0,59.0,44.0,32.0,44.0,66.0,65.0,85.0,82.0,51.0,80.0,58.0,79.0,72.0,44.0,74.0,68.0,87.0,62.0,91.0,137.0,103.0,106.0,68.0,83.0,38.0,74.0,44.0,61.0,86.0,65.0,64.0,69.0,75.0,93.0,57.0,92.0,65.0,60.0,54.0,59.0,78.0,84.0,122.0,103.0,80.0,86.0,93.0,94.0,75.0,62.0,64.0,84.0,71.0,66.0,91.0,85.0,94.0,124.0,103.0,80.0,67.0,88.0,56.0,69.0,86.0,78.0,96.0,92.0,125.0,105.0,85.0,95.0,85.0,49.0,77.0,87.0,75.0,83.0,89.0,125.0,90.0,81.0,50.0,90.0,91.0,49.0,54.0,77.0,88.0,41.0,86.0,105.0,77.0,73.0,62.0,83.0,91.0,57.0,75.0,64.0,75.0,90.0,65.0
28,13.0,0.0,0.0,11.0,14.0,0.0,0.0,0.0,0.0,10.0,0.0,0.0,37.0,0.0,0.0,0.0,10.0,0.0,0.0,0.0,0.0,0.0,0.0,0.0,11.0,0.0,0.0,27.0,12.0,0.0,0.0,0.0,0.0,0.0,0.0,0.0,12.0,12.0,0.0,10.0,0.0,0.0,0.0,0.0,0.0,0.0,0.0,10.0,0.0,0.0,0.0,11.0,0.0,0.0,0.0,0.0,0.0,0.0,0.0,23.0,0.0,0.0,0.0,0.0,0.0,0.0,0.0,10.0,0.0,0.0,0.0,0.0,10.0,0.0,28.0,10.0,0.0,0.0,0.0,0.0,0.0,0.0,0.0,0.0,13.0,14.0,0.0,0.0,0.0,0.0,0.0,0.0,0.0,10.0,14.0,0.0,0.0,12.0,0.0,0.0,0.0,0.0,22.0,0.0,0.0,0.0,0.0,10.0,0.0,25.0,0.0,0.0,0.0,10.0,0.0,0.0,0.0,0.0,10.0,11.0,21.0,26.0,21.0,21.0,0.0,0.0,0.0,0.0,0.0,10.0,20.0,0.0,10.0,12.0,10.0,0.0,10.0,0.0,0.0,0.0,0.0,0.0,11.0,22.0,15.0,22.0,0.0,22.0,11.0,12.0,0.0,0.0,0.0,0.0,24.0,11.0,12.0,0.0,0.0,21.0,12.0,11.0,0.0,21.0,0.0,11.0,10.0,11.0,34.0,10.0,20.0,0.0,22.0,22.0,0.0,0.0,0.0,26.0,11.0,20.0,27.0,21.0,0.0,10.0,13.0,10.0,11.0,10.0,10.0,22.0,0.0,14.0,33.0,20.0,62.0,33.0,13.0,23.0,12.0,25.0,10.0,26.0,0.0,11.0,34.0,11.0,53.0,22.0,13.0,0.0,22.0,34.0,33.0,22.0,22.0,22.0,45.0,10.0,35.0,24.0,0.0,10.0,0.0,20.0,15.0,32.0,22.0,22.0,65.0,11.0,34.0,21.0,11.0,0.0,10.0,24.0,21.0,47.0,12.0,10.0,40.0,35.0,24.0,35.0,34.0,0.0,24.0,12.0,0.0,14.0,0.0,24.0
29,125.0,123.0,168.0,113.0,105.0,110.0,75.0,58.0,63.0,85.0,99.0,147.0,165.0,107.0,74.0,93.0,84.0,68.0,67.0,87.0,77.0,62.0,81.0,94.0,140.0,143.0,98.0,117.0,84.0,89.0,53.0,32.0,70.0,64.0,80.0,87.0,99.0,97.0,136.0,105.0,102.0,94.0,81.0,86.0,58.0,70.0,87.0,120.0,106.0,108.0,124.0,105.0,99.0,61.0,84.0,50.0,43.0,70.0,73.0,178.0,115.0,87.0,126.0,109.0,101.0,68.0,87.0,59.0,78.0,71.0,74.0,66.0,65.0,136.0,185.0,119.0,111.0,53.0,68.0,85.0,55.0,92.0,88.0,110.0,116.0,153.0,131.0,106.0,90.0,94.0,97.0,86.0,64.0,89.0,79.0,103.0,121.0,103.0,115.0,79.0,110.0,48.0,103.0,79.0,82.0,101.0,116.0,116.0,146.0,195.0,211.0,185.0,140.0,120.0,100.0,89.0,104.0,122.0,67.0,117.0,152.0,119.0,141.0,108.0,98.0,107.0,86.0,100.0,89.0,83.0,121.0,141.0,159.0,131.0,156.0,106.0,114.0,89.0,109.0,87.0,71.0,113.0,67.0,152.0,137.0,136.0,152.0,108.0,120.0,109.0,98.0,91.0,77.0,101.0,73.0,99.0,142.0,156.0,185.0,137.0,87.0,97.0,117.0,86.0,105.0,109.0,80.0,143.0,166.0,185.0,137.0,124.0,130.0,134.0,69.0,118.0,106.0,82.0,101.0,136.0,176.0,126.0,127.0,119.0,111.0,137.0,126.0,102.0,71.0,154.0,126.0,125.0,158.0,136.0,174.0,129.0,126.0,141.0,145.0,69.0,120.0,120.0,121.0,149.0,108.0,146.0,163.0,146.0,125.0,109.0,103.0,123.0,134.0,97.0,120.0,150.0,186.0,158.0,155.0,121.0,119.0,129.0,98.0,97.0,113.0,110.0,76.0,176.0,223.0,152.0,171.0,127.0,118.0,105.0,89.0,98.0,83.0,101.0,92.0,130.0,186.0,141.0,135.0,122.0,153.0,112.0,105.0,90.0,91.0,100.0,98.0,153.0
30,0.0,20.0,0.0,0.0,11.0,0.0,11.0,0.0,0.0,0.0,0.0,11.0,12.0,10.0,11.0,10.0,0.0,0.0,0.0,0.0,0.0,0.0,0.0,0.0,14.0,0.0,11.0,0.0,0.0,10.0,0.0,0.0,0.0,0.0,0.0,10.0,0.0,0.0,10.0,10.0,0.0,10.0,11.0,0.0,0.0,0.0,22.0,0.0,11.0,0.0,11.0,12.0,10.0,0.0,0.0,0.0,0.0,0.0,0.0,0.0,0.0,13.0,0.0,0.0,0.0,0.0,0.0,0.0,0.0,0.0,0.0,0.0,14.0,24.0,10.0,0.0,11.0,0.0,12.0,12.0,0.0,0.0,0.0,0.0,0.0,0.0,10.0,0.0,0.0,0.0,0.0,0.0,0.0,0.0,10.0,11.0,12.0,0.0,0.0,0.0,14.0,0.0,11.0,0.0,0.0,0.0,0.0,0.0,14.0,14.0,23.0,16.0,0.0,0.0,0.0,0.0,12.0,10.0,0.0,0.0,14.0,11.0,11.0,11.0,0.0,0.0,0.0,0.0,0.0,0.0,0.0,0.0,0.0,0.0,10.0,0.0,14.0,11.0,10.0,0.0,10.0,0.0,0.0,0.0,12.0,0.0,10.0,0.0,0.0,0.0,11.0,0.0,14.0,0.0,0.0,10.0,0.0,0.0,10.0,10.0,0.0,0.0,0.0,0.0,0.0,0.0,11.0,12.0,14.0,0.0,20.0,10.0,12.0,10.0,0.0,0.0,0.0,0.0,0.0,0.0,12.0,0.0,10.0,10.0,11.0,0.0,0.0,0.0,10.0,0.0,10.0,0.0,17.0,11.0,13.0,17.0,10.0,10.0,0.0,0.0,0.0,21.0,11.0,15.0,10.0,27.0,17.0,26.0,0.0,0.0,0.0,11.0,0.0,22.0,11.0,0.0,14.0,35.0,15.0,11.0,10.0,0.0,14.0,10.0,0.0,0.0,21.0,10.0,15.0,11.0,10.0,0.0,15.0,0.0,0.0,0.0,0.0,13.0,12.0,0.0,12.0,0.0,0.0,42.0,24.0,0.0,10.0,0.0,12.0,10.0,0.0,0.0
31,19.0,40.0,52.0,34.0,19.0,13.0,20.0,12.0,13.0,20.0,26.0,26.0,27.0,20.0,21.0,20.0,26.0,12.0,16.0,12.0,18.0,32.0,25.0,20.0,39.0,24.0,19.0,29.0,32.0,27.0,28.0,23.0,18.0,17.0,13.0,30.0,32.0,45.0,34.0,39.0,16.0,27.0,23.0,16.0,17.0,23.0,28.0,24.0,36.0,18.0,21.0,29.0,21.0,14.0,17.0,13.0,16.0,19.0,15.0,28.0,35.0,33.0,13.0,12.0,22.0,26.0,15.0,18.0,20.0,13.0,23.0,19.0,25.0,34.0,39.0,45.0,20.0,13.0,13.0,0.0,30.0,22.0,20.0,26.0,18.0,30.0,25.0,33.0,34.0,16.0,22.0,31.0,21.0,17.0,14.0,29.0,27.0,27.0,38.0,25.0,24.0,21.0,31.0,23.0,16.0,0.0,22.0,29.0,21.0,52.0,47.0,32.0,38.0,22.0,19.0,40.0,32.0,24.0,28.0,36.0,28.0,35.0,36.0,13.0,16.0,18.0,17.0,37.0,17.0,29.0,30.0,17.0,16.0,19.0,29.0,28.0,22.0,19.0,19.0,28.0,35.0,34.0,30.0,34.0,36.0,38.0,29.0,43.0,42.0,33.0,17.0,20.0,26.0,33.0,32.0,33.0,40.0,40.0,43.0,35.0,24.0,16.0,14.0,11.0,13.0,37.0,38.0,37.0,55.0,34.0,42.0,30.0,31.0,19.0,21.0,26.0,25.0,19.0,24.0,30.0,56.0,20.0,66.0,31.0,26.0,32.0,40.0,19.0,16.0,33.0,19.0,43.0,48.0,39.0,38.0,37.0,38.0,54.0,22.0,13.0,32.0,27.0,33.0,52.0,31.0,34.0,40.0,38.0,41.0,29.0,29.0,30.0,43.0,35.0,30.0,49.0,49.0,51.0,39.0,49.0,16.0,36.0,39.0,33.0,24.0,36.0,33.0,46.0,60.0,34.0,38.0,38.0,34.0,34.0,32.0,29.0,26.0,29.0,30.0,37.0,61.0,50.0,29.0,37.0,36.0,33.0,16.0,22.0,22.0,38.0,31.0,44.0
32,89.0,70.0,89.0,86.0,67.0,63.0,71.0,36.0,57.0,56.0,58.0,97.0,84.0,81.0,76.0,55.0,62.0,55.0,52.0,54.0,59.0,83.0,69.0,79.0,90.0,64.0,93.0,106.0,89.0,79.0,79.0,61.0,63.0,50.0,70.0,84.0,80.0,110.0,109.0,96.0,86.0,67.0,72.0,60.0,68.0,64.0,91.0,81.0,80.0,98.0,103.0,92.0,71.0,77.0,78.0,61.0,71.0,58.0,103.0,104.0,92.0,81.0,108.0,72.0,76.0,72.0,58.0,83.0,66.0,57.0,70.0,83.0,108.0,98.0,117.0,94.0,96.0,71.0,67.0,38.0,72.0,89.0,68.0,94.0,117.0,74.0,98.0,90.0,70.0,56.0,63.0,56.0,57.0,52.0,61.0,66.0,86.0,73.0,97.0,90.0,71.0,51.0,55.0,54.0,58.0,72.0,54.0,79.0,96.0,110.0,116.0,90.0,103.0,86.0,68.0,75.0,57.0,66.0,61.0,80.0,91.0,84.0,116.0,92.0,79.0,68.0,84.0,60.0,72.0,71.0,98.0,84.0,84.0,84.0,115.0,86.0,78.0,67.0,81.0,57.0,70.0,69.0,70.0,91.0,73.0,83.0,118.0,97.0,94.0,92.0,89.0,64.0,64.0,66.0,81.0,75.0,100.0,92.0,113.0,109.0,111.0,83.0,74.0,97.0,65.0,84.0,87.0,86.0,113.0,122.0,121.0,92.0,102.0,93.0,93.0,106.0,82.0,84.0,87.0,107.0,151.0,115.0,124.0,98.0,100.0,94.0,91.0,86.0,87.0,92.0,102.0,116.0,144.0,131.0,126.0,93.0,112.0,99.0,99.0,105.0,77.0,97.0,118.0,120.0,133.0,177.0,158.0,152.0,125.0,86.0,108.0,107.0,108.0,111.0,103.0,122.0,136.0,127.0,138.0,129.0,125.0,112.0,92.0,79.0,102.0,107.0,100.0,128.0,172.0,125.0,120.0,134.0,107.0,114.0,98.0,90.0,113.0,88.0,102.0,108.0,129.0,135.0,132.0,123.0,120.0,103.0,105.0,98.0,94.0,77.0,118.0,136.0
33,31.0,23.0,47.0,42.0,12.0,11.0,0.0,0.0,10.0,23.0,13.0,24.0,16.0,18.0,19.0,11.0,18.0,14.0,10.0,12.0,14.0,40.0,17.0,44.0,35.0,13.0,28.0,54.0,15.0,15.0,13.0,10.0,15.0,13.0,0.0,29.0,14.0,42.0,28.0,27.0,0.0,23.0,24.0,0.0,0.0,0.0,18.0,15.0,12.0,0.0,0.0,27.0,10.0,10.0,21.0,15.0,0.0,0.0,10.0,25.0,30.0,36.0,12.0,13.0,12.0,14.0,29.0,10.0,12.0,17.0,17.0,26.0,43.0,32.0,30.0,16.0,20.0,13.0,27.0,11.0,15.0,11.0,10.0,18.0,15.0,30.0,33.0,28.0,26.0,10.0,26.0,36.0,0.0,15.0,20.0,30.0,28.0,11.0,29.0,31.0,28.0,15.0,0.0,13.0,11.0,19.0,14.0,15.0,34.0,34.0,29.0,41.0,17.0,15.0,30.0,10.0,23.0,24.0,24.0,31.0,27.0,35.0,46.0,26.0,27.0,20.0,27.0,0.0,11.0,29.0,26.0,26.0,37.0,20.0,32.0,31.0,10.0,27.0,11.0,10.0,11.0,28.0,33.0,12.0,41.0,17.0,45.0,45.0,24.0,24.0,14.0,11.0,26.0,23.0,17.0,27.0,30.0,32.0,28.0,25.0,26.0,15.0,27.0,27.0,25.0,31.0,15.0,53.0,43.0,46.0,36.0,30.0,28.0,16.0,0.0,13.0,13.0,17.0,29.0,29.0,42.0,12.0,33.0,27.0,19.0,23.0,13.0,16.0,28.0,34.0,23.0,26.0,47.0,42.0,38.0,40.0,38.0,16.0,25.0,0.0,13.0,33.0,13.0,33.0,42.0,0.0,43.0,25.0,32.0,15.0,28.0,24.0,0.0,30.0,13.0,27.0,43.0,41.0,34.0,35.0,27.0,23.0,0.0,31.0,26.0,36.0,58.0,31.0,68.0,38.0,32.0,30.0,24.0,23.0,22.0,22.0,23.0,48.0,33.0,29.0,38.0,33.0,52.0,13.0,14.0,30.0,0.0,35.0,24.0,23.0,44.0,35.0
34,387.0,306.0,267.0,205.0,215.0,154.0,155.0,139.0,144.0,174.0,163.0,238.0,384.0,231.0,197.0,175.0,225.0,195.0,172.0,141.0,147.0,186.0,230.0,207.0,283.0,266.0,228.0,187.0,183.0,197.0,147.0,165.0,158.0,149.0,174.0,218.0,306.0,230.0,225.0,178.0,205.0,157.0,143.0,94.0,174.0,182.0,179.0,207.0,267.0,213.0,211.0,236.0,195.0,152.0,169.0,144.0,174.0,139.0,161.0,277.0,351.0,238.0,256.0,189.0,185.0,170.0,153.0,157.0,146.0,161.0,186.0,236.0,318.0,282.0,264.0,241.0,214.0,207.0,185.0,179.0,119.0,179.0,164.0,220.0,245.0,221.0,236.0,163.0,209.0,188.0,174.0,152.0,134.0,150.0,184.0,201.0,242.0,237.0,239.0,261.0,233.0,179.0,134.0,183.0,134.0,185.0,207.0,224.0,278.0,314.0,332.0,248.0,263.0,230.0,195.0,191.0,167.0,177.0,192.0,230.0,254.0,240.0,273.0,214.0,206.0,211.0,207.0,178.0,185.0,201.0,211.0,201.0,251.0,207.0,212.0,194.0,252.0,197.0,200.0,207.0,187.0,194.0,186.0,241.0,340.0,285.0,279.0,234.0,238.0,184.0,180.0,120.0,154.0,168.0,190.0,208.0,273.0,244.0,244.0,222.0,255.0,180.0,222.0,185.0,187.0,206.0,238.0,302.0,409.0,266.0,293.0,243.0,225.0,196.0,189.0,203.0,155.0,168.0,219.0,213.0,296.0,196.0,250.0,264.0,224.0,213.0,130.0,192.0,181.0,151.0,172.0,238.0,384.0,308.0,285.0,254.0,259.0,166.0,172.0,179.0,159.0,198.0,143.0,187.0,191.0,258.0,297.0,226.0,213.0,200.0,176.0,216.0,159.0,190.0,203.0,197.0,347.0,308.0,284.0,245.0,226.0,183.0,217.0,123.0,131.0,191.0,173.0,241.0,328.0,278.0,228.0,208.0,224.0,187.0,186.0,200.0,172.0,195.0,204.0,274.0,287.0,246.0,241.0,217.0,203.0,175.0,197.0,148.0,189.0,161.0,177.0,267.0
35,36.0,34.0,31.0,22.0,21.0,17.0,0.0,20.0,12.0,16.0,20.0,20.0,35.0,16.0,20.0,19.0,21.0,21.0,22.0,20.0,19.0,10.0,17.0,18.0,26.0,28.0,26.0,22.0,17.0,15.0,18.0,13.0,18.0,16.0,17.0,18.0,24.0,18.0,24.0,14.0,20.0,22.0,15.0,15.0,0.0,14.0,18.0,19.0,25.0,24.0,39.0,36.0,34.0,23.0,12.0,13.0,17.0,17.0,31.0,35.0,16.0,22.0,27.0,22.0,27.0,17.0,17.0,10.0,21.0,13.0,20.0,31.0,21.0,23.0,33.0,25.0,20.0,18.0,24.0,20.0,12.0,19.0,16.0,32.0,45.0,39.0,30.0,33.0,24.0,16.0,16.0,15.0,11.0,15.0,22.0,35.0,24.0,32.0,49.0,28.0,34.0,14.0,13.0,12.0,18.0,25.0,19.0,24.0,29.0,52.0,24.0,31.0,19.0,25.0,14.0,21.0,25.0,17.0,28.0,26.0,30.0,34.0,52.0,46.0,27.0,21.0,15.0,16.0,32.0,23.0,34.0,29.0,27.0,30.0,32.0,30.0,26.0,19.0,29.0,24.0,33.0,38.0,19.0,31.0,18.0,45.0,72.0,35.0,26.0,24.0,28.0,18.0,16.0,26.0,22.0,21.0,14.0,43.0,47.0,24.0,30.0,22.0,17.0,19.0,27.0,21.0,28.0,25.0,35.0,41.0,49.0,31.0,24.0,14.0,24.0,22.0,23.0,27.0,27.0,39.0,72.0,28.0,35.0,34.0,37.0,10.0,18.0,20.0,23.0,21.0,36.0,35.0,65.0,41.0,36.0,34.0,28.0,31.0,30.0,30.0,22.0,28.0,21.0,27.0,28.0,29.0,51.0,49.0,29.0,23.0,37.0,24.0,30.0,25.0,25.0,47.0,32.0,44.0,52.0,35.0,38.0,26.0,25.0,27.0,22.0,28.0,22.0,23.0,51.0,81.0,43.0,30.0,48.0,19.0,29.0,18.0,17.0,29.0,29.0,33.0,53.0,29.0,33.0,36.0,23.0,33.0,21.0,19.0,44.0,28.0,31.0,39.0
36,713.0,663.0,575.0,446.0,381.0,357.0,334.0,317.0,297.0,368.0,348.0,457.0,702.0,439.0,425.0,390.0,329.0,315.0,365.0,365.0,312.0,364.0,399.0,479.0,584.0,463.0,489.0,445.0,440.0,445.0,373.0,382.0,267.0,365.0,349.0,422.0,523.0,473.0,534.0,454.0,375.0,346.0,385.0,325.0,310.0,398.0,419.0,430.0,438.0,424.0,438.0,402.0,375.0,362.0,340.0,345.0,332.0,366.0,380.0,528.0,706.0,341.0,477.0,430.0,386.0,384.0,335.0,292.0,322.0,363.0,321.0,500.0,670.0,575.0,506.0,449.0,346.0,366.0,332.0,303.0,272.0,300.0,354.0,388.0,427.0,379.0,466.0,336.0,325.0,331.0,332.0,328.0,335.0,349.0,342.0,414.0,480.0,474.0,463.0,422.0,388.0,353.0,345.0,302.0,338.0,347.0,361.0,444.0,477.0,544.0,545.0,492.0,410.0,362.0,376.0,305.0,278.0,397.0,375.0,397.0,543.0,425.0,468.0,477.0,398.0,385.0,342.0,330.0,321.0,311.0,392.0,393.0,430.0,418.0,497.0,425.0,434.0,322.0,357.0,336.0,351.0,390.0,377.0,491.0,562.0,498.0,522.0,448.0,404.0,373.0,383.0,331.0,341.0,392.0,394.0,394.0,506.0,460.0,471.0,446.0,378.0,390.0,346.0,308.0,342.0,373.0,463.0,565.0,771.0,515.0,512.0,468.0,409.0,326.0,388.0,348.0,333.0,384.0,357.0,381.0,510.0,455.0,447.0,450.0,370.0,327.0,316.0,339.0,323.0,367.0,415.0,415.0,605.0,488.0,554.0,498.0,452.0,393.0,338.0,284.0,310.0,331.0,354.0,405.0,508.0,460.0,551.0,490.0,362.0,413.0,366.0,359.0,346.0,330.0,351.0,411.0,514.0,492.0,554.0,473.0,444.0,445.0,355.0,387.0,320.0,372.0,426.0,489.0,594.0,504.0,527.0,460.0,520.0,419.0,406.0,322.0,351.0,384.0,375.0,425.0,547.0,464.0,581.0,431.0,451.0,439.0,399.0,348.0,287.0,373.0,380.0,449.0
37,124.0,91.0,140.0,111.0,68.0,36.0,29.0,81.0,36.0,60.0,60.0,112.0,244.0,103.0,69.0,90.0,51.0,38.0,62.0,28.0,69.0,47.0,80.0,123.0,185.0,55.0,106.0,26.0,72.0,31.0,19.0,70.0,47.0,65.0,64.0,56.0,76.0,129.0,217.0,66.0,49.0,42.0,43.0,58.0,16.0,74.0,64.0,108.0,108.0,128.0,142.0,80.0,77.0,90.0,57.0,38.0,46.0,87.0,72.0,221.0,192.0,70.0,83.0,60.0,75.0,52.0,38.0,53.0,44.0,58.0,93.0,86.0,150.0,147.0,228.0,144.0,60.0,100.0,69.0,94.0,43.0,70.0,97.0,95.0,118.0,129.0,179.0,96.0,55.0,91.0,79.0,76.0,50.0,63.0,88.0,110.0,179.0,127.0,184.0,129.0,143.0,84.0,79.0,79.0,50.0,95.0,77.0,117.0,166.0,273.0,258.0,123.0,94.0,105.0,103.0,79.0,88.0,82.0,136.0,154.0,195.0,146.0,125.0,136.0,175.0,94.0,85.0,80.0,120.0,130.0,118.0,130.0,199.0,157.0,134.0,140.0,78.0,79.0,163.0,129.0,118.0,112.0,108.0,130.0,243.0,165.0,135.0,123.0,155.0,113.0,150.0,108.0,85.0,147.0,82.0,183.0,193.0,176.0,180.0,133.0,110.0,73.0,151.0,122.0,113.0,138.0,157.0,306.0,336.0,179.0,231.0,185.0,121.0,161.0,117.0,119.0,121.0,118.0,142.0,186.0,258.0,135.0,177.0,190.0,171.0,183.0,104.0,111.0,129.0,151.0,133.0,156.0,342.0,228.0,278.0,154.0,157.0,88.0,168.0,127.0,168.0,160.0,131.0,243.0,287.0,194.0,268.0,161.0,138.0,140.0,99.0,125.0,83.0,178.0,164.0,237.0,337.0,266.0,285.0,220.0,175.0,154.0,164.0,152.0,133.0,91.0,149.0,239.0,335.0,270.0,212.0,158.0,144.0,195.0,146.0,88.0,126.0,158.0,223.0,190.0,250.0,251.0,259.0,248.0,147.0,157.0,144.0,161.0,101.0,143.0,114.0,190.0
38,0.0,0.0,10.0,0.0,0.0,0.0,0.0,0.0,0.0,0.0,0.0,0.0,0.0,0.0,0.0,0.0,0.0,0.0,0.0,0.0,0.0,0.0,0.0,0.0,0.0,0.0,0.0,0.0,0.0,0.0,0.0,0.0,0.0,0.0,0.0,0.0,0.0,0.0,0.0,0.0,0.0,0.0,0.0,0.0,0.0,0.0,0.0,0.0,0.0,0.0,0.0,0.0,0.0,0.0,0.0,0.0,0.0,0.0,0.0,0.0,0.0,0.0,0.0,0.0,0.0,0.0,0.0,0.0,0.0,0.0,0.0,0.0,0.0,0.0,0.0,0.0,0.0,0.0,0.0,0.0,0.0,0.0,0.0,0.0,0.0,0.0,0.0,0.0,0.0,0.0,0.0,0.0,0.0,0.0,0.0,0.0,0.0,0.0,0.0,0.0,0.0,0.0,0.0,0.0,0.0,0.0,0.0,0.0,0.0,0.0,0.0,0.0,0.0,0.0,0.0,0.0,0.0,0.0,0.0,0.0,0.0,0.0,0.0,0.0,0.0,0.0,0.0,0.0,0.0,0.0,0.0,0.0,0.0,0.0,0.0,0.0,0.0,0.0,0.0,0.0,0.0,0.0,0.0,0.0,0.0,0.0,0.0,0.0,0.0,0.0,0.0,0.0,0.0,0.0,0.0,0.0,0.0,0.0,0.0,0.0,0.0,0.0,0.0,0.0,0.0,0.0,0.0,0.0,0.0,0.0,0.0,0.0,0.0,0.0,0.0,0.0,0.0,0.0,0.0,0.0,0.0,0.0,10.0,0.0,0.0,0.0,0.0,0.0,0.0,0.0,0.0,0.0,0.0,0.0,0.0,10.0,0.0,0.0,0.0,0.0,0.0,0.0,0.0,0.0,0.0,0.0,0.0,0.0,0.0,10.0,0.0,0.0,0.0,0.0,0.0,0.0,0.0,0.0,0.0,0.0,0.0,0.0,0.0,0.0,0.0,0.0,0.0,0.0,0.0,0.0,0.0,0.0,0.0,0.0,0.0,0.0,0.0,0.0,0.0,0.0,0.0,0.0,0.0,10.0,0.0,0.0,0.0,0.0,0.0,0.0,0.0,0.0
39,351.0,360.0,491.0,318.0,272.0,208.0,239.0,173.0,200.0,219.0,253.0,307.0,533.0,387.0,375.0,279.0,255.0,213.0,203.0,218.0,211.0,259.0,274.0,345.0,310.0,316.0,401.0,309.0,311.0,298.0,240.0,195.0,212.0,259.0,213.0,259.0,350.0,392.0,462.0,319.0,243.0,231.0,231.0,252.0,225.0,254.0,302.0,274.0,294.0,279.0,328.0,283.0,286.0,265.0,240.0,199.0,211.0,278.0,230.0,464.0,436.0,297.0,322.0,319.0,305.0,272.0,244.0,225.0,249.0,250.0,278.0,298.0,366.0,447.0,608.0,382.0,308.0,300.0,252.0,241.0,225.0,263.0,232.0,320.0,380.0,271.0,385.0,351.0,273.0,249.0,240.0,231.0,248.0,298.0,257.0,326.0,386.0,379.0,362.0,353.0,314.0,294.0,270.0,230.0,279.0,268.0,269.0,346.0,430.0,460.0,527.0,395.0,355.0,266.0,312.0,273.0,299.0,294.0,304.0,385.0,429.0,317.0,398.0,370.0,330.0,252.0,279.0,255.0,263.0,293.0,309.0,357.0,352.0,375.0,455.0,346.0,303.0,263.0,311.0,326.0,275.0,308.0,263.0,381.0,381.0,444.0,436.0,402.0,379.0,352.0,359.0,281.0,254.0,325.0,299.0,303.0,405.0,384.0,486.0,327.0,365.0,333.0,314.0,287.0,293.0,339.0,310.0,455.0,600.0,444.0,387.0,372.0,285.0,296.0,326.0,291.0,242.0,300.0,270.0,329.0,443.0,323.0,387.0,346.0,318.0,248.0,346.0,292.0,297.0,261.0,265.0,429.0,544.0,394.0,406.0,431.0,389.0,302.0,325.0,260.0,314.0,330.0,276.0,345.0,371.0,393.0,432.0,319.0,364.0,288.0,310.0,267.0,319.0,302.0,345.0,354.0,531.0,385.0,412.0,379.0,334.0,287.0,331.0,268.0,286.0,293.0,304.0,482.0,636.0,360.0,413.0,369.0,376.0,327.0,292.0,311.0,265.0,343.0,371.0,443.0,385.0,332.0,484.0,367.0,404.0,331.0,321.0,336.0,258.0,279.0,292.0,402.0
40,65.0,51.0,63.0,47.0,46.0,42.0,39.0,38.0,35.0,61.0,39.0,76.0,122.0,61.0,54.0,61.0,51.0,43.0,55.0,52.0,37.0,50.0,57.0,56.0,58.0,49.0,67.0,65.0,64.0,50.0,51.0,39.0,38.0,70.0,45.0,59.0,73.0,68.0,79.0,71.0,54.0,51.0,33.0,58.0,39.0,37.0,51.0,58.0,70.0,68.0,72.0,64.0,53.0,44.0,47.0,39.0,48.0,57.0,83.0,111.0,76.0,75.0,67.0,62.0,46.0,58.0,50.0,64.0,48.0,51.0,56.0,66.0,64.0,89.0,110.0,83.0,82.0,43.0,50.0,63.0,46.0,55.0,64.0,77.0,91.0,73.0,106.0,55.0,60.0,63.0,52.0,62.0,38.0,52.0,60.0,73.0,56.0,63.0,90.0,53.0,82.0,72.0,68.0,65.0,46.0,86.0,42.0,83.0,98.0,159.0,113.0,76.0,80.0,64.0,57.0,78.0,50.0,58.0,80.0,124.0,105.0,110.0,100.0,66.0,77.0,59.0,53.0,57.0,69.0,72.0,69.0,85.0,80.0,111.0,124.0,89.0,99.0,65.0,78.0,65.0,53.0,93.0,68.0,106.0,116.0,114.0,94.0,77.0,90.0,91.0,77.0,62.0,61.0,66.0,79.0,86.0,50.0,89.0,79.0,62.0,99.0,66.0,55.0,83.0,72.0,63.0,77.0,123.0,167.0,106.0,72.0,81.0,75.0,83.0,65.0,73.0,55.0,68.0,73.0,91.0,109.0,110.0,100.0,83.0,82.0,85.0,84.0,52.0,64.0,75.0,87.0,103.0,120.0,93.0,123.0,113.0,102.0,59.0,83.0,73.0,77.0,94.0,67.0,107.0,106.0,93.0,98.0,115.0,69.0,80.0,65.0,58.0,90.0,87.0,56.0,95.0,113.0,116.0,158.0,117.0,70.0,86.0,98.0,60.0,64.0,69.0,88.0,111.0,187.0,144.0,79.0,106.0,80.0,75.0,71.0,70.0,82.0,61.0,78.0,109.0,124.0,115.0,120.0,96.0,82.0,82.0,95.0,97.0,54.0,44.0,85.0,100.0
41,82.0,135.0,114.0,74.0,90.0,50.0,45.0,60.0,35.0,47.0,71.0,98.0,126.0,43.0,72.0,52.0,38.0,41.0,43.0,57.0,44.0,78.0,50.0,75.0,109.0,75.0,106.0,92.0,80.0,42.0,43.0,40.0,57.0,78.0,65.0,83.0,95.0,120.0,116.0,104.0,78.0,85.0,77.0,85.0,54.0,64.0,84.0,70.0,113.0,61.0,90.0,102.0,81.0,81.0,53.0,50.0,83.0,35.0,66.0,124.0,125.0,91.0,108.0,86.0,108.0,72.0,86.0,72.0,50.0,59.0,52.0,106.0,110.0,90.0,126.0,110.0,120.0,49.0,61.0,62.0,67.0,49.0,87.0,88.0,139.0,84.0,127.0,128.0,101.0,53.0,41.0,50.0,32.0,87.0,59.0,80.0,95.0,99.0,97.0,118.0,71.0,82.0,45.0,60.0,65.0,82.0,75.0,120.0,85.0,99.0,120.0,118.0,96.0,91.0,87.0,87.0,72.0,74.0,98.0,86.0,113.0,109.0,116.0,107.0,86.0,95.0,67.0,70.0,75.0,90.0,79.0,113.0,100.0,90.0,121.0,105.0,115.0,91.0,76.0,89.0,85.0,102.0,97.0,97.0,124.0,96.0,141.0,116.0,95.0,69.0,81.0,70.0,56.0,81.0,109.0,98.0,128.0,80.0,118.0,95.0,86.0,39.0,60.0,86.0,81.0,81.0,101.0,90.0,146.0,119.0,113.0,82.0,108.0,85.0,82.0,77.0,70.0,68.0,73.0,129.0,130.0,105.0,117.0,105.0,98.0,89.0,56.0,49.0,49.0,58.0,85.0,67.0,159.0,125.0,122.0,102.0,103.0,114.0,104.0,55.0,45.0,87.0,116.0,82.0,118.0,116.0,132.0,106.0,120.0,85.0,79.0,73.0,47.0,84.0,121.0,108.0,155.0,109.0,143.0,96.0,124.0,79.0,88.0,61.0,100.0,94.0,80.0,98.0,120.0,90.0,124.0,92.0,87.0,83.0,86.0,63.0,74.0,30.0,124.0,108.0,131.0,113.0,153.0,105.0,102.0,95.0,72.0,76.0,85.0,108.0,136.0,124.0
42,514.0,587.0,543.0,359.0,321.0,243.0,208.0,248.0,231.0,282.0,329.0,381.0,641.0,372.0,372.0,334.0,263.0,318.0,326.0,270.0,280.0,280.0,262.0,384.0,450.0,393.0,455.0,418.0,336.0,338.0,265.0,214.0,213.0,248.0,276.0,339.0,462.0,432.0,518.0,353.0,303.0,289.0,267.0,288.0,297.0,240.0,279.0,368.0,409.0,393.0,394.0,336.0,298.0,271.0,312.0,242.0,237.0,308.0,307.0,524.0,670.0,398.0,414.0,337.0,289.0,300.0,247.0,257.0,245.0,280.0,294.0,359.0,526.0,514.0,600.0,408.0,339.0,275.0,256.0,212.0,215.0,275.0,270.0,303.0,437.0,285.0,444.0,326.0,334.0,237.0,278.0,193.0,218.0,340.0,305.0,299.0,478.0,380.0,434.0,378.0,360.0,281.0,299.0,292.0,317.0,317.0,317.0,350.0,559.0,471.0,605.0,495.0,394.0,325.0,242.0,264.0,261.0,346.0,353.0,448.0,442.0,423.0,559.0,384.0,382.0,309.0,294.0,271.0,261.0,370.0,355.0,368.0,394.0,356.0,477.0,368.0,352.0,287.0,347.0,302.0,250.0,342.0,292.0,370.0,453.0,395.0,517.0,422.0,433.0,380.0,350.0,274.0,277.0,398.0,302.0,384.0,460.0,385.0,459.0,433.0,381.0,306.0,252.0,321.0,334.0,396.0,380.0,455.0,659.0,466.0,539.0,452.0,414.0,337.0,323.0,299.0,282.0,294.0,332.0,355.0,465.0,417.0,466.0,375.0,368.0,293.0,334.0,292.0,268.0,345.0,302.0,429.0,554.0,477.0,482.0,410.0,371.0,330.0,331.0,281.0,263.0,325.0,346.0,389.0,488.0,410.0,458.0,438.0,360.0,355.0,270.0,324.0,277.0,365.0,376.0,464.0,535.0,421.0,461.0,423.0,381.0,424.0,268.0,353.0,311.0,363.0,297.0,446.0,575.0,413.0,427.0,383.0,393.0,318.0,319.0,278.0,243.0,338.0,324.0,386.0,461.0,360.0,463.0,355.0,442.0,344.0,342.0,294.0,288.0,319.0,311.0,401.0
44,34.0,66.0,43.0,32.0,24.0,18.0,29.0,24.0,10.0,16.0,16.0,31.0,65.0,41.0,13.0,23.0,35.0,31.0,15.0,16.0,25.0,32.0,24.0,29.0,44.0,53.0,22.0,26.0,39.0,36.0,17.0,26.0,14.0,17.0,37.0,37.0,48.0,48.0,50.0,26.0,19.0,25.0,24.0,15.0,20.0,32.0,17.0,29.0,35.0,20.0,37.0,21.0,27.0,26.0,40.0,21.0,17.0,25.0,27.0,25.0,49.0,26.0,49.0,31.0,23.0,12.0,14.0,17.0,20.0,21.0,24.0,27.0,64.0,63.0,52.0,31.0,20.0,19.0,18.0,18.0,20.0,20.0,21.0,17.0,61.0,20.0,38.0,54.0,22.0,21.0,19.0,25.0,31.0,16.0,20.0,18.0,21.0,36.0,20.0,15.0,32.0,19.0,14.0,13.0,14.0,17.0,29.0,22.0,46.0,50.0,45.0,22.0,31.0,16.0,13.0,14.0,13.0,33.0,20.0,44.0,42.0,30.0,41.0,26.0,16.0,24.0,37.0,16.0,42.0,20.0,10.0,26.0,32.0,34.0,37.0,27.0,30.0,22.0,20.0,30.0,21.0,36.0,31.0,33.0,33.0,39.0,36.0,38.0,33.0,23.0,18.0,32.0,14.0,13.0,16.0,54.0,39.0,52.0,26.0,19.0,29.0,24.0,24.0,22.0,10.0,20.0,26.0,48.0,66.0,29.0,18.0,37.0,25.0,19.0,20.0,21.0,20.0,15.0,15.0,25.0,20.0,34.0,42.0,41.0,24.0,21.0,39.0,15.0,19.0,19.0,27.0,29.0,36.0,27.0,47.0,42.0,26.0,28.0,17.0,14.0,13.0,19.0,16.0,20.0,16.0,17.0,40.0,40.0,27.0,16.0,13.0,33.0,18.0,33.0,20.0,20.0,27.0,31.0,44.0,38.0,39.0,30.0,20.0,20.0,19.0,24.0,38.0,34.0,33.0,27.0,18.0,24.0,26.0,37.0,22.0,17.0,18.0,23.0,33.0,13.0,40.0,21.0,21.0,28.0,26.0,19.0,14.0,25.0,13.0,17.0,26.0,21.0
45,85.0,73.0,74.0,63.0,41.0,33.0,20.0,44.0,10.0,23.0,23.0,58.0,137.0,86.0,49.0,39.0,56.0,37.0,43.0,33.0,23.0,44.0,33.0,90.0,86.0,88.0,80.0,54.0,54.0,37.0,24.0,52.0,25.0,25.0,23.0,57.0,78.0,78.0,131.0,65.0,53.0,24.0,26.0,34.0,43.0,58.0,63.0,25.0,92.0,52.0,70.0,65.0,54.0,50.0,24.0,65.0,26.0,50.0,69.0,86.0,71.0,73.0,42.0,57.0,21.0,32.0,10.0,18.0,35.0,10.0,46.0,49.0,57.0,97.0,108.0,93.0,67.0,37.0,26.0,21.0,15.0,37.0,58.0,69.0,84.0,45.0,101.0,53.0,58.0,49.0,26.0,34.0,23.0,54.0,42.0,90.0,98.0,84.0,140.0,90.0,61.0,22.0,60.0,30.0,35.0,73.0,59.0,65.0,126.0,114.0,96.0,73.0,85.0,74.0,80.0,45.0,64.0,53.0,70.0,96.0,99.0,89.0,96.0,70.0,86.0,61.0,56.0,54.0,64.0,62.0,64.0,96.0,120.0,75.0,81.0,61.0,61.0,81.0,50.0,64.0,56.0,78.0,88.0,124.0,137.0,139.0,138.0,71.0,46.0,73.0,73.0,79.0,88.0,80.0,67.0,100.0,109.0,100.0,115.0,81.0,92.0,96.0,68.0,67.0,93.0,96.0,107.0,127.0,132.0,117.0,165.0,97.0,105.0,112.0,92.0,99.0,95.0,99.0,101.0,150.0,154.0,151.0,159.0,95.0,134.0,79.0,99.0,96.0,54.0,49.0,141.0,176.0,213.0,145.0,166.0,139.0,162.0,94.0,87.0,94.0,101.0,101.0,119.0,150.0,136.0,152.0,122.0,147.0,95.0,122.0,86.0,105.0,98.0,99.0,145.0,152.0,210.0,139.0,167.0,112.0,130.0,91.0,157.0,109.0,128.0,100.0,127.0,165.0,203.0,166.0,175.0,152.0,167.0,76.0,102.0,117.0,79.0,164.0,113.0,159.0,169.0,158.0,158.0,125.0,162.0,127.0,123.0,50.0,86.0,95.0,139.0,169.0
46,0.0,0.0,0.0,0.0,0.0,0.0,0.0,0.0,0.0,0.0,0.0,0.0,0.0,0.0,14.0,0.0,0.0,0.0,0.0,0.0,0.0,0.0,0.0,0.0,0.0,0.0,0.0,0.0,0.0,0.0,0.0,0.0,0.0,0.0,10.0,0.0,0.0,0.0,0.0,0.0,0.0,0.0,0.0,0.0,0.0,0.0,0.0,0.0,0.0,0.0,0.0,0.0,0.0,0.0,0.0,0.0,0.0,0.0,0.0,12.0,11.0,0.0,0.0,0.0,0.0,0.0,0.0,0.0,0.0,0.0,0.0,0.0,10.0,10.0,0.0,0.0,0.0,0.0,0.0,0.0,10.0,0.0,0.0,0.0,10.0,10.0,0.0,0.0,0.0,0.0,0.0,0.0,0.0,0.0,0.0,0.0,0.0,10.0,12.0,0.0,0.0,0.0,0.0,0.0,0.0,0.0,0.0,0.0,0.0,12.0,10.0,0.0,0.0,0.0,0.0,0.0,0.0,12.0,0.0,15.0,11.0,0.0,0.0,0.0,10.0,0.0,0.0,0.0,0.0,0.0,0.0,0.0,0.0,0.0,10.0,0.0,0.0,0.0,0.0,0.0,0.0,10.0,0.0,0.0,12.0,0.0,13.0,0.0,0.0,0.0,0.0,0.0,0.0,0.0,10.0,0.0,10.0,0.0,0.0,10.0,0.0,10.0,0.0,0.0,0.0,11.0,0.0,0.0,0.0,0.0,10.0,10.0,0.0,0.0,0.0,0.0,0.0,0.0,0.0,0.0,0.0,0.0,0.0,0.0,0.0,0.0,0.0,0.0,0.0,0.0,0.0,10.0,0.0,13.0,10.0,0.0,12.0,13.0,0.0,0.0,0.0,0.0,0.0,0.0,0.0,0.0,0.0,0.0,0.0,0.0,0.0,0.0,0.0,0.0,0.0,0.0,0.0,10.0,0.0,0.0,0.0,0.0,0.0,0.0,10.0,0.0,0.0,0.0,11.0,0.0,11.0,0.0,0.0,0.0,0.0,0.0,0.0,10.0,0.0,12.0,0.0,0.0,0.0,13.0,0.0,0.0,0.0,0.0,0.0,0.0,0.0,0.0
47,99.0,81.0,151.0,63.0,81.0,84.0,51.0,79.0,54.0,50.0,78.0,79.0,136.0,101.0,91.0,84.0,93.0,66.0,70.0,64.0,60.0,91.0,74.0,74.0,109.0,86.0,99.0,75.0,97.0,87.0,81.0,73.0,61.0,70.0,75.0,103.0,105.0,93.0,123.0,87.0,79.0,99.0,70.0,75.0,69.0,53.0,94.0,119.0,126.0,104.0,91.0,88.0,99.0,92.0,81.0,84.0,78.0,49.0,96.0,185.0,160.0,76.0,106.0,86.0,90.0,75.0,80.0,76.0,68.0,92.0,61.0,93.0,120.0,103.0,142.0,105.0,97.0,85.0,92.0,73.0,66.0,81.0,58.0,84.0,73.0,90.0,95.0,93.0,78.0,76.0,84.0,71.0,68.0,75.0,73.0,103.0,133.0,109.0,115.0,99.0,71.0,78.0,83.0,71.0,64.0,76.0,78.0,95.0,136.0,133.0,154.0,83.0,105.0,60.0,83.0,101.0,82.0,105.0,103.0,121.0,129.0,123.0,127.0,82.0,101.0,74.0,79.0,81.0,95.0,94.0,98.0,122.0,100.0,96.0,145.0,102.0,99.0,78.0,93.0,85.0,78.0,118.0,108.0,127.0,143.0,182.0,137.0,131.0,97.0,98.0,95.0,76.0,63.0,97.0,102.0,105.0,112.0,128.0,102.0,136.0,128.0,93.0,82.0,104.0,58.0,106.0,104.0,109.0,197.0,118.0,130.0,128.0,113.0,87.0,109.0,109.0,77.0,86.0,118.0,109.0,171.0,134.0,94.0,116.0,103.0,91.0,77.0,76.0,106.0,110.0,115.0,159.0,217.0,129.0,132.0,129.0,138.0,128.0,122.0,118.0,90.0,107.0,114.0,147.0,168.0,146.0,163.0,118.0,108.0,119.0,110.0,111.0,120.0,142.0,127.0,200.0,210.0,187.0,220.0,161.0,134.0,150.0,90.0,112.0,121.0,162.0,123.0,163.0,316.0,149.0,170.0,143.0,186.0,150.0,126.0,82.0,143.0,138.0,138.0,174.0,138.0,166.0,173.0,164.0,137.0,107.0,144.0,171.0,120.0,124.0,103.0,181.0
48,401.0,540.0,396.0,340.0,253.0,192.0,196.0,197.0,176.0,258.0,249.0,389.0,620.0,333.0,312.0,234.0,262.0,265.0,216.0,228.0,218.0,241.0,241.0,325.0,445.0,354.0,449.0,394.0,368.0,236.0,214.0,238.0,227.0,241.0,291.0,289.0,507.0,433.0,417.0,304.0,280.0,239.0,298.0,246.0,215.0,220.0,285.0,377.0,410.0,298.0,323.0,323.0,290.0,218.0,208.0,269.0,243.0,224.0,326.0,457.0,420.0,367.0,335.0,297.0,289.0,211.0,244.0,212.0,206.0,259.0,250.0,292.0,457.0,547.0,501.0,366.0,230.0,275.0,210.0,178.0,232.0,272.0,267.0,388.0,476.0,402.0,395.0,322.0,235.0,246.0,216.0,249.0,225.0,274.0,272.0,412.0,357.0,425.0,446.0,362.0,333.0,256.0,291.0,260.0,258.0,271.0,380.0,377.0,591.0,529.0,551.0,387.0,368.0,306.0,233.0,209.0,280.0,312.0,350.0,473.0,534.0,449.0,438.0,375.0,386.0,317.0,324.0,258.0,252.0,308.0,352.0,412.0,465.0,432.0,477.0,460.0,416.0,289.0,313.0,394.0,317.0,397.0,400.0,494.0,618.0,504.0,540.0,408.0,423.0,312.0,345.0,284.0,328.0,365.0,310.0,408.0,570.0,490.0,519.0,421.0,466.0,395.0,331.0,397.0,352.0,366.0,353.0,606.0,809.0,542.0,584.0,472.0,427.0,403.0,401.0,387.0,355.0,341.0,348.0,599.0,692.0,423.0,586.0,471.0,447.0,420.0,348.0,313.0,325.0,378.0,457.0,559.0,683.0,530.0,629.0,551.0,477.0,466.0,352.0,332.0,383.0,436.0,397.0,448.0,544.0,527.0,552.0,544.0,464.0,444.0,407.0,480.0,378.0,432.0,423.0,547.0,687.0,619.0,651.0,495.0,529.0,432.0,411.0,350.0,407.0,480.0,492.0,643.0,936.0,669.0,544.0,547.0,480.0,427.0,407.0,374.0,327.0,411.0,514.0,567.0,657.0,563.0,654.0,576.0,573.0,474.0,457.0,372.0,403.0,445.0,484.0,654.0
49,33.0,28.0,24.0,21.0,25.0,21.0,10.0,15.0,14.0,27.0,15.0,26.0,27.0,13.0,27.0,19.0,12.0,20.0,25.0,19.0,11.0,17.0,19.0,20.0,33.0,20.0,29.0,20.0,20.0,18.0,14.0,16.0,15.0,21.0,18.0,27.0,31.0,27.0,37.0,16.0,21.0,27.0,24.0,26.0,21.0,15.0,21.0,28.0,26.0,18.0,20.0,26.0,18.0,17.0,14.0,21.0,10.0,20.0,25.0,39.0,29.0,34.0,31.0,15.0,18.0,21.0,15.0,21.0,14.0,28.0,23.0,30.0,20.0,21.0,37.0,40.0,16.0,14.0,28.0,13.0,22.0,16.0,14.0,30.0,48.0,16.0,30.0,26.0,23.0,17.0,12.0,17.0,15.0,19.0,19.0,16.0,38.0,26.0,29.0,18.0,20.0,19.0,19.0,13.0,20.0,27.0,31.0,17.0,25.0,30.0,29.0,26.0,27.0,15.0,22.0,12.0,19.0,16.0,23.0,40.0,26.0,26.0,22.0,23.0,31.0,29.0,15.0,27.0,16.0,20.0,18.0,23.0,24.0,34.0,44.0,19.0,39.0,25.0,27.0,17.0,18.0,24.0,17.0,30.0,20.0,20.0,32.0,35.0,24.0,16.0,29.0,33.0,20.0,21.0,25.0,13.0,44.0,21.0,27.0,21.0,18.0,14.0,18.0,24.0,25.0,12.0,35.0,27.0,26.0,26.0,34.0,23.0,24.0,34.0,26.0,27.0,24.0,41.0,17.0,21.0,41.0,19.0,48.0,21.0,36.0,24.0,19.0,21.0,19.0,21.0,23.0,38.0,25.0,43.0,51.0,25.0,37.0,37.0,42.0,32.0,16.0,33.0,35.0,30.0,27.0,61.0,53.0,47.0,49.0,28.0,47.0,43.0,33.0,29.0,37.0,38.0,52.0,27.0,30.0,33.0,43.0,27.0,27.0,41.0,36.0,31.0,18.0,32.0,61.0,45.0,35.0,60.0,46.0,25.0,35.0,24.0,23.0,26.0,39.0,34.0,46.0,46.0,39.0,38.0,26.0,23.0,35.0,22.0,22.0,39.0,28.0,52.0
50,0.0,0.0,0.0,0.0,0.0,0.0,0.0,0.0,0.0,0.0,0.0,0.0,10.0,0.0,0.0,0.0,0.0,0.0,0.0,0.0,0.0,0.0,0.0,0.0,0.0,0.0,0.0,0.0,0.0,0.0,0.0,0.0,0.0,0.0,0.0,0.0,0.0,0.0,0.0,0.0,0.0,0.0,0.0,0.0,0.0,0.0,0.0,0.0,0.0,0.0,0.0,0.0,0.0,0.0,0.0,0.0,0.0,0.0,0.0,0.0,0.0,0.0,10.0,0.0,0.0,0.0,0.0,0.0,0.0,0.0,0.0,0.0,0.0,0.0,23.0,0.0,0.0,0.0,0.0,0.0,0.0,0.0,0.0,0.0,0.0,0.0,0.0,0.0,0.0,0.0,0.0,0.0,0.0,0.0,0.0,0.0,0.0,10.0,0.0,0.0,0.0,0.0,0.0,0.0,0.0,0.0,0.0,0.0,0.0,0.0,0.0,0.0,0.0,0.0,0.0,0.0,0.0,0.0,0.0,0.0,10.0,0.0,0.0,12.0,0.0,0.0,0.0,0.0,0.0,0.0,0.0,0.0,0.0,0.0,0.0,0.0,0.0,0.0,0.0,0.0,0.0,0.0,0.0,0.0,0.0,0.0,0.0,0.0,0.0,0.0,0.0,0.0,0.0,0.0,0.0,0.0,0.0,0.0,0.0,0.0,13.0,0.0,0.0,0.0,0.0,0.0,0.0,0.0,10.0,0.0,10.0,0.0,0.0,0.0,0.0,0.0,0.0,0.0,0.0,0.0,0.0,0.0,0.0,0.0,0.0,0.0,10.0,0.0,0.0,0.0,0.0,0.0,0.0,0.0,0.0,0.0,0.0,0.0,0.0,0.0,0.0,0.0,0.0,0.0,0.0,0.0,0.0,0.0,0.0,0.0,0.0,0.0,0.0,0.0,0.0,0.0,0.0,0.0,0.0,12.0,0.0,0.0,0.0,0.0,0.0,0.0,0.0,0.0,0.0,0.0,0.0,0.0,0.0,0.0,0.0,0.0,0.0,0.0,0.0,0.0,0.0,0.0,0.0,0.0,0.0,0.0,0.0,0.0,0.0,0.0,0.0,0.0
51,68.0,116.0,105.0,27.0,24.0,14.0,10.0,20.0,22.0,37.0,0.0,38.0,82.0,86.0,81.0,26.0,60.0,10.0,51.0,16.0,12.0,31.0,30.0,53.0,91.0,57.0,40.0,60.0,0.0,35.0,10.0,29.0,22.0,14.0,33.0,42.0,50.0,39.0,62.0,23.0,29.0,26.0,33.0,12.0,23.0,25.0,44.0,50.0,64.0,56.0,62.0,21.0,27.0,41.0,43.0,52.0,47.0,40.0,29.0,87.0,115.0,11.0,49.0,38.0,34.0,34.0,10.0,22.0,25.0,17.0,12.0,37.0,53.0,62.0,113.0,58.0,15.0,42.0,36.0,13.0,27.0,24.0,59.0,31.0,52.0,25.0,91.0,36.0,24.0,28.0,23.0,10.0,26.0,10.0,25.0,53.0,66.0,39.0,76.0,62.0,39.0,0.0,13.0,39.0,26.0,24.0,51.0,62.0,78.0,39.0,85.0,54.0,37.0,31.0,21.0,23.0,26.0,26.0,37.0,31.0,40.0,49.0,67.0,55.0,76.0,46.0,47.0,24.0,30.0,39.0,51.0,40.0,75.0,32.0,63.0,33.0,61.0,48.0,11.0,32.0,44.0,31.0,28.0,37.0,83.0,79.0,71.0,48.0,64.0,52.0,48.0,35.0,25.0,28.0,48.0,30.0,85.0,68.0,44.0,53.0,13.0,54.0,40.0,23.0,22.0,51.0,35.0,47.0,119.0,66.0,64.0,48.0,63.0,21.0,12.0,13.0,36.0,30.0,24.0,63.0,89.0,54.0,73.0,73.0,44.0,33.0,38.0,34.0,33.0,48.0,56.0,88.0,132.0,45.0,99.0,41.0,71.0,21.0,38.0,53.0,20.0,34.0,15.0,38.0,68.0,54.0,79.0,65.0,64.0,58.0,34.0,24.0,22.0,31.0,64.0,54.0,115.0,67.0,79.0,71.0,0.0,58.0,60.0,34.0,33.0,41.0,35.0,52.0,122.0,80.0,56.0,49.0,53.0,65.0,55.0,42.0,22.0,11.0,57.0,30.0,75.0,61.0,96.0,50.0,97.0,68.0,34.0,36.0,49.0,32.0,81.0,112.0
53,180.0,214.0,213.0,157.0,119.0,130.0,128.0,95.0,112.0,135.0,141.0,197.0,230.0,178.0,138.0,147.0,136.0,108.0,116.0,123.0,105.0,121.0,157.0,150.0,173.0,162.0,204.0,169.0,134.0,129.0,107.0,94.0,98.0,153.0,140.0,154.0,173.0,186.0,209.0,148.0,138.0,126.0,125.0,134.0,83.0,146.0,154.0,173.0,187.0,132.0,187.0,136.0,143.0,127.0,117.0,100.0,83.0,160.0,137.0,225.0,179.0,148.0,169.0,142.0,152.0,128.0,147.0,104.0,97.0,125.0,138.0,168.0,218.0,245.0,227.0,165.0,162.0,142.0,128.0,100.0,100.0,123.0,124.0,163.0,185.0,161.0,171.0,157.0,150.0,128.0,125.0,109.0,100.0,138.0,152.0,152.0,171.0,163.0,200.0,158.0,170.0,123.0,109.0,105.0,100.0,128.0,139.0,173.0,209.0,187.0,237.0,183.0,171.0,152.0,90.0,117.0,98.0,147.0,141.0,181.0,212.0,184.0,189.0,199.0,167.0,180.0,141.0,116.0,129.0,140.0,137.0,142.0,145.0,144.0,185.0,169.0,168.0,132.0,141.0,118.0,96.0,134.0,137.0,192.0,194.0,203.0,245.0,181.0,196.0,149.0,160.0,129.0,138.0,158.0,182.0,202.0,174.0,177.0,219.0,201.0,159.0,142.0,164.0,159.0,119.0,130.0,149.0,214.0,244.0,210.0,206.0,149.0,182.0,94.0,151.0,138.0,127.0,177.0,153.0,134.0,227.0,188.0,181.0,156.0,151.0,156.0,166.0,134.0,98.0,135.0,143.0,225.0,234.0,230.0,225.0,208.0,197.0,147.0,158.0,120.0,145.0,168.0,137.0,179.0,219.0,199.0,187.0,167.0,160.0,107.0,175.0,148.0,119.0,163.0,147.0,241.0,314.0,243.0,254.0,202.0,172.0,161.0,142.0,139.0,97.0,147.0,184.0,166.0,232.0,190.0,237.0,160.0,161.0,163.0,142.0,108.0,139.0,193.0,156.0,177.0,227.0,186.0,244.0,214.0,178.0,151.0,124.0,124.0,155.0,156.0,159.0,185.0
54,15.0,16.0,21.0,13.0,10.0,0.0,0.0,0.0,12.0,11.0,20.0,12.0,14.0,36.0,17.0,13.0,12.0,11.0,12.0,12.0,14.0,13.0,30.0,25.0,12.0,10.0,14.0,11.0,13.0,12.0,13.0,16.0,18.0,12.0,0.0,22.0,0.0,18.0,39.0,23.0,0.0,0.0,12.0,0.0,0.0,11.0,12.0,10.0,23.0,11.0,33.0,17.0,17.0,14.0,12.0,0.0,0.0,10.0,22.0,39.0,31.0,15.0,12.0,0.0,0.0,13.0,16.0,0.0,0.0,0.0,11.0,0.0,21.0,30.0,49.0,17.0,24.0,10.0,11.0,0.0,12.0,13.0,10.0,11.0,26.0,13.0,10.0,15.0,0.0,12.0,14.0,12.0,0.0,13.0,10.0,0.0,12.0,0.0,0.0,24.0,10.0,15.0,0.0,12.0,0.0,11.0,0.0,29.0,25.0,20.0,35.0,26.0,11.0,0.0,21.0,22.0,11.0,16.0,14.0,30.0,12.0,20.0,33.0,42.0,15.0,0.0,12.0,0.0,26.0,17.0,12.0,23.0,23.0,24.0,21.0,16.0,11.0,23.0,10.0,0.0,11.0,20.0,27.0,0.0,22.0,29.0,40.0,12.0,11.0,0.0,0.0,13.0,0.0,10.0,25.0,24.0,29.0,15.0,11.0,26.0,12.0,18.0,0.0,0.0,21.0,23.0,0.0,13.0,15.0,26.0,16.0,25.0,44.0,23.0,17.0,22.0,20.0,49.0,14.0,23.0,40.0,25.0,24.0,12.0,12.0,12.0,11.0,0.0,20.0,26.0,21.0,22.0,31.0,15.0,23.0,17.0,37.0,17.0,33.0,0.0,14.0,11.0,15.0,24.0,18.0,21.0,27.0,45.0,33.0,10.0,10.0,22.0,12.0,10.0,32.0,21.0,38.0,36.0,11.0,35.0,0.0,24.0,16.0,10.0,23.0,53.0,10.0,37.0,41.0,41.0,28.0,35.0,29.0,25.0,0.0,11.0,17.0,33.0,15.0,45.0,12.0,28.0,36.0,10.0,40.0,13.0,0.0,15.0,0.0,22.0,17.0,49.0
55,75.0,85.0,99.0,67.0,43.0,54.0,26.0,34.0,40.0,53.0,33.0,75.0,139.0,92.0,64.0,53.0,56.0,68.0,53.0,30.0,42.0,59.0,57.0,71.0,84.0,49.0,98.0,58.0,77.0,53.0,37.0,46.0,41.0,64.0,40.0,68.0,73.0,109.0,99.0,54.0,39.0,64.0,35.0,48.0,61.0,51.0,56.0,67.0,71.0,49.0,83.0,29.0,44.0,51.0,49.0,53.0,37.0,44.0,71.0,106.0,123.0,65.0,83.0,37.0,65.0,65.0,40.0,43.0,31.0,50.0,50.0,65.0,95.0,103.0,59.0,89.0,76.0,69.0,71.0,41.0,68.0,61.0,27.0,53.0,81.0,73.0,87.0,47.0,45.0,39.0,60.0,43.0,38.0,40.0,45.0,63.0,55.0,65.0,101.0,78.0,80.0,45.0,36.0,26.0,41.0,49.0,69.0,54.0,70.0,84.0,141.0,68.0,60.0,43.0,39.0,30.0,37.0,65.0,52.0,37.0,75.0,69.0,126.0,69.0,84.0,77.0,32.0,37.0,42.0,72.0,60.0,38.0,85.0,63.0,77.0,79.0,66.0,40.0,53.0,63.0,44.0,58.0,48.0,89.0,91.0,76.0,71.0,62.0,95.0,49.0,66.0,57.0,35.0,61.0,47.0,75.0,81.0,72.0,89.0,55.0,101.0,39.0,62.0,21.0,63.0,48.0,65.0,83.0,168.0,93.0,103.0,59.0,62.0,81.0,59.0,86.0,32.0,60.0,62.0,77.0,100.0,70.0,80.0,81.0,61.0,44.0,69.0,63.0,34.0,85.0,92.0,117.0,111.0,101.0,109.0,110.0,100.0,53.0,76.0,43.0,61.0,64.0,57.0,95.0,110.0,75.0,143.0,100.0,55.0,45.0,58.0,61.0,63.0,62.0,67.0,121.0,120.0,91.0,105.0,89.0,95.0,59.0,48.0,57.0,54.0,54.0,56.0,67.0,122.0,80.0,109.0,79.0,83.0,38.0,65.0,54.0,58.0,51.0,59.0,80.0,118.0,49.0,92.0,70.0,76.0,68.0,81.0,81.0,55.0,59.0,58.0,92.0
56,0.0,0.0,0.0,0.0,0.0,0.0,0.0,0.0,0.0,0.0,0.0,0.0,0.0,0.0,10.0,0.0,0.0,0.0,0.0,0.0,0.0,0.0,0.0,0.0,0.0,0.0,0.0,0.0,0.0,0.0,0.0,0.0,0.0,0.0,0.0,0.0,0.0,0.0,0.0,0.0,0.0,0.0,0.0,0.0,0.0,0.0,0.0,0.0,0.0,0.0,0.0,0.0,0.0,0.0,0.0,0.0,0.0,0.0,0.0,0.0,0.0,0.0,0.0,0.0,0.0,0.0,0.0,0.0,0.0,0.0,0.0,0.0,0.0,0.0,0.0,0.0,0.0,0.0,0.0,0.0,0.0,0.0,0.0,0.0,0.0,0.0,0.0,0.0,0.0,0.0,0.0,0.0,0.0,0.0,13.0,12.0,0.0,0.0,0.0,0.0,0.0,0.0,0.0,0.0,0.0,10.0,0.0,0.0,0.0,0.0,0.0,0.0,0.0,0.0,0.0,0.0,0.0,0.0,0.0,0.0,0.0,0.0,0.0,0.0,0.0,0.0,0.0,0.0,0.0,0.0,0.0,0.0,0.0,0.0,0.0,0.0,0.0,0.0,0.0,0.0,0.0,0.0,0.0,14.0,10.0,0.0,0.0,0.0,0.0,0.0,0.0,0.0,0.0,0.0,0.0,0.0,0.0,10.0,0.0,0.0,0.0,0.0,0.0,0.0,0.0,0.0,0.0,0.0,0.0,10.0,0.0,0.0,10.0,0.0,0.0,0.0,0.0,0.0,0.0,0.0,0.0,0.0,0.0,0.0,0.0,0.0,0.0,0.0,0.0,0.0,0.0,0.0,10.0,10.0,0.0,0.0,0.0,0.0,0.0,0.0,0.0,0.0,0.0,0.0,10.0,0.0,0.0,0.0,0.0,0.0,0.0,0.0,0.0,0.0,0.0,0.0,0.0,10.0,0.0,0.0,0.0,0.0,0.0,0.0,0.0,0.0,0.0,0.0,14.0,0.0,0.0,0.0,0.0,0.0,0.0,0.0,0.0,0.0,0.0,22.0,0.0,20.0,0.0,11.0,12.0,0.0,0.0,0.0,0.0,0.0,0.0,10.0
